row_id,participant,letter,orientationIndex,orientation_class_label,orientation_class_id,clipNumber,source_file,clean_frames_in_json,standardizable_frames,target_frames,selected_source_indices,selected_timestamps,class_label,class_id,sequence_sha256,split,model,orientation,predicted_letter,confidence,accepted,correct,both_hands_fraction
95,angel,E,1,E_orient1,8,2,angel/E/orient1/tilt_back_neutral_2/landmarks_trimmed.json,32,32,18,"[0, 1, 3, 5, 7, 9, 10, 12, 14, 16, 18, 20, 21, 23, 25, 27, 29, 31]","[95.80000001192093, 189.5, 368.4000000357628, 563.6999999880791, 751.6000000238419, 941.5, 1040.800000011921, 1244.1000000238419, 1447.0, 1633.199999988079, 1826.1000000238419, 2010.1000000238419, 2099.5, 2299.600000023842, 2499.900000035763, 2650.699999988079, 2836.699999988079, 3018.400000035763]",E,4,c04dc866f5644a755faeacb81b497923c125e2f0140715dd0b4093fabb650dbe,validation,airv_model,original,E,0.9276118,True,True,0.33333334
98,angel,E,1,E_orient1,8,1,angel/E/orient1/tilt_forward_neutral_1/landmarks_trimmed.json,30,30,18,"[0, 1, 3, 5, 6, 8, 10, 11, 13, 15, 17, 18, 20, 22, 23, 25, 27, 29]","[103.40000003576279, 199.10000002384186, 395.10000002384186, 601.1000000238419, 693.9000000357628, 889.9000000357628, 1093.7000000476837, 1181.300000011921, 1386.6000000238419, 1618.7000000476837, 1839.7000000476837, 1943.7000000476837, 2151.900000035763, 2369.100000023842, 2470.600000023842, 2661.100000023842, 2876.400000035763, 3074.0]",E,4,03e1990147a564d852bbf0ff895e9a903cc8fab371acc6b38ae7e07054870855,validation,airv_model,original,E,0.98428255,True,True,1.0
107,angel,E,2,E_orient2,9,2,angel/E/orient2/tilt_back_neutral_2/landmarks_trimmed.json,33,33,18,"[0, 1, 3, 5, 7, 9, 11, 13, 15, 16, 18, 20, 22, 24, 26, 28, 30, 32]","[88.60000002384186, 176.19999998807907, 358.80000001192093, 533.3999999761581, 728.1999999880791, 910.8000000119209, 1111.0, 1302.6000000238419, 1481.6000000238419, 1486.6000000238419, 1680.3999999761581, 1883.6000000238419, 2071.399999976158, 2259.199999988079, 2452.399999976158, 2651.5, 2842.699999988079, 3017.899999976158]",E,4,7cdea49af0d54b0ba1292dc2a4f5060fc5d73689cb12504613ee9bf5030f29cf,validation,airv_model,original,E,0.7697581,False,True,1.0
122,angel,E,3,E_orient3,10,1,angel/E/orient3/tilt_forward_neutral_1/landmarks_trimmed.json,32,32,18,"[0, 1, 3, 5, 7, 9, 10, 12, 14, 16, 18, 20, 21, 23, 25, 27, 29, 31]","[95.59999996423721, 191.19999998807907, 372.0, 563.1999999880791, 759.8999999761581, 947.3999999761581, 1035.5999999642372, 1227.7999999523163, 1416.0, 1598.5999999642372, 1789.699999988079, 1988.8999999761581, 2089.0, 2269.2999999523163, 2452.599999964237, 2633.699999988079, 2826.5, 3021.599999964237]",E,4,4e033ef3b3f79f549913c6f23eaf83705bf03b8bdf6cb3069b4465b5c77e11a4,validation,airv_model,original,E,0.97611976,True,True,1.0
124,angel,E,3,E_orient3,10,1,angel/E/orient3/tilt_forward_toward_1/landmarks_trimmed.json,32,32,18,"[0, 1, 3, 5, 7, 9, 10, 12, 14, 16, 18, 20, 21, 23, 25, 27, 29, 31]","[100.40000003576279, 203.0, 395.10000002384186, 592.3000000119209, 789.8000000119209, 973.5, 1062.199999988079, 1242.0, 1422.5, 1600.6000000238419, 1786.300000011921, 1966.699999988079, 2061.800000011921, 2257.199999988079, 2438.0, 2634.400000035763, 2822.400000035763, 3005.199999988079]",E,4,131af578f2d38bec81345b308bcf3870659cc50b251fd2a0786bb829b8218cb7,validation,airv_model,original,E,0.98018676,True,True,1.0
164,angel,I,1,I_orient1,14,1,angel/I/orient1/tilt_back_away_1/landmarks_trimmed.json,26,26,18,"[0, 1, 2, 4, 5, 7, 8, 10, 11, 13, 14, 16, 17, 19, 20, 22, 23, 25]","[115.39999997615814, 238.80000001192093, 341.5, 590.0999999642372, 716.8000000119209, 956.6999999880791, 1071.8999999761581, 1318.699999988079, 1435.199999988079, 1674.199999988079, 1784.5999999642372, 2019.8999999761581, 2140.300000011921, 2390.399999976158, 2554.199999988079, 2761.399999976158, 2858.699999988079, 3085.099999964237]",I,7,caffc3a51b69d8ac8914ec0f430c80be7010a22e2bcb9aae5c4ff26349b0ab57,validation,airv_model,original,I,0.77118677,False,True,1.0
167,angel,I,1,I_orient1,14,1,angel/I/orient1/tilt_back_toward_1/landmarks_trimmed.json,22,22,18,"[0, 1, 2, 3, 4, 6, 7, 8, 9, 11, 12, 13, 14, 16, 17, 18, 19, 21]","[112.89999997615814, 233.0, 347.89999997615814, 466.0, 581.0, 820.5999999642372, 948.5999999642372, 1071.2999999523163, 1192.199999988079, 1431.0999999642372, 1557.199999988079, 1676.0, 1795.699999988079, 2159.899999976158, 2279.399999976158, 2391.7999999523163, 2503.899999976158, 3087.2999999523163]",I,7,fe1df7e55824442c8fab3a272967aae9736126f1f77107778b77ec04d20a4c5b,validation,airv_model,original,U,0.7905874,False,False,1.0
168,angel,I,1,I_orient1,14,1,angel/I/orient1/tilt_forward_away_1/landmarks_trimmed.json,26,26,18,"[0, 1, 2, 4, 5, 7, 8, 10, 11, 13, 14, 16, 17, 19, 20, 22, 23, 25]","[105.90000003576279, 223.10000002384186, 333.60000002384186, 568.6000000238419, 687.0, 910.0, 1021.6999999880791, 1250.5, 1359.1000000238419, 1606.699999988079, 1722.300000011921, 2074.100000023842, 2185.699999988079, 2402.0, 2515.5, 2747.100000023842, 2863.100000023842, 3101.100000023842]",I,7,f4614e5e4cb8281a92ad31b6303cbdc406869dc8426308201740cabaee8d59c4,validation,airv_model,original,I,0.8161067,False,True,1.0
179,angel,I,2,I_orient2,15,1,angel/I/orient2/tilt_back_toward_1/landmarks_trimmed.json,26,26,18,"[0, 1, 2, 4, 5, 7, 8, 10, 11, 13, 14, 16, 17, 19, 20, 22, 23, 25]","[113.80000001192093, 215.4000000357628, 320.80000001192093, 555.9000000357628, 683.6000000238419, 915.0, 1031.4000000357628, 1266.0, 1390.1000000238419, 1635.800000011921, 1743.800000011921, 1972.2000000476837, 2087.800000011921, 2324.2000000476837, 2436.5, 2675.0, 2785.900000035763, 3041.5]",I,7,261c48e329dc525496da0a990e4ba67be1da73e0c33bf0c04624b9b54edd572b,validation,airv_model,original,I,0.900836,True,True,1.0
187,angel,I,3,I_orient3,16,1,angel/I/orient3/tilt_back_away_1/landmarks_trimmed.json,28,28,18,"[0, 1, 3, 4, 6, 7, 9, 11, 12, 14, 15, 17, 19, 20, 22, 23, 25, 27]","[98.19999998807907, 208.5, 421.5, 533.3999999761581, 756.6000000238419, 875.3000000119209, 1085.800000011921, 1304.5, 1417.5, 1633.699999988079, 1748.8999999761581, 1981.1000000238419, 2206.800000011921, 2316.5, 2541.699999988079, 2653.899999976158, 2887.199999988079, 3112.699999988079]",I,7,c944d32e573d9f6663d2f9cc28ef84380608b508812ced8f058a5f3da85d738a,validation,airv_model,original,O,0.5818384,False,False,0.16666667
200,angel,K,1,K_orient1,17,1,angel/K/orient1/tilt_back_neutral_1/landmarks_trimmed.json,28,28,18,"[0, 1, 3, 4, 6, 7, 9, 11, 12, 14, 15, 17, 19, 20, 22, 23, 25, 27]","[101.19999998807907, 201.69999998807907, 413.0, 514.3000000119209, 722.1999999880791, 828.1999999880791, 1040.1000000238419, 1269.0, 1377.9000000357628, 1597.199999988079, 1713.1000000238419, 1933.199999988079, 2158.699999988079, 2272.199999988079, 2509.699999988079, 2623.800000011921, 2855.100000023842, 3086.900000035763]",K,8,3be357d90465b64bc0efa6f038d77280b71599fedc7f1a89f721073d5308084f,validation,airv_model,original,K,0.95427424,True,True,1.0
207,angel,K,1,K_orient1,17,1,angel/K/orient1/tilt_neutral_away_1/landmarks_trimmed.json,26,26,18,"[0, 1, 2, 4, 5, 7, 8, 10, 11, 13, 14, 16, 17, 19, 20, 22, 23, 25]","[115.10000002384186, 231.5, 345.10000002384186, 584.6999999880791, 700.5, 935.4000000357628, 1056.0, 1311.4000000357628, 1431.5, 1681.0, 1798.5, 2032.300000011921, 2134.0, 2354.300000011921, 2464.800000011921, 2695.400000035763, 2810.100000023842, 3041.699999988079]",K,8,f085b3cb7296386a1742f5b771e2d02cc39f4c25a8aa64eb6d437ec37158dabb,validation,airv_model,original,K,0.9638218,True,True,1.0
208,angel,K,1,K_orient1,17,1,angel/K/orient1/tilt_neutral_neutral_1/landmarks_trimmed.json,27,27,18,"[0, 1, 3, 4, 6, 7, 9, 10, 12, 13, 15, 16, 18, 19, 21, 22, 24, 26]","[108.5, 229.69999998807907, 455.30000001192093, 576.3000000119209, 813.0999999642372, 935.0999999642372, 1163.199999988079, 1277.0999999642372, 1498.5, 1603.699999988079, 1820.800000011921, 1932.5999999642372, 2145.899999976158, 2258.0, 2470.899999976158, 2585.5, 2810.699999988079, 3045.099999964237]",K,8,8caae585cad5df1e7911cf0612dda7d319ff82ecdceb35494a7261e8a17716f4,validation,airv_model,original,K,0.9591995,True,True,1.0
217,angel,K,2,K_orient2,18,2,angel/K/orient2/tilt_forward_neutral_2/landmarks_trimmed.json,27,27,18,"[0, 1, 3, 4, 6, 7, 9, 10, 12, 13, 15, 16, 18, 19, 21, 22, 24, 26]","[113.69999998807907, 227.5, 464.5, 579.5999999642372, 800.7999999523163, 916.2999999523163, 1153.5999999642372, 1271.0999999642372, 1495.5999999642372, 1610.699999988079, 1856.3999999761581, 1972.199999988079, 2205.199999988079, 2314.899999976158, 2541.5, 2657.899999976158, 2883.399999976158, 3104.899999976158]",K,8,6b38acc74c0184e954f00b082b08952f1622eeee2436c872fe158cc802acacac,validation,airv_model,original,K,0.957782,True,True,1.0
392,angel,Q,1,Q_orient1,33,1,angel/Q/orient1/tilt_back_neutral_1/landmarks_trimmed.json,34,34,18,"[0, 1, 3, 5, 7, 9, 11, 13, 15, 17, 19, 21, 23, 25, 27, 29, 31, 33]","[99.59999996423721, 194.0, 383.30000001192093, 573.5, 757.1999999880791, 937.0, 1125.199999988079, 1314.3999999761581, 1501.800000011921, 1701.0, 1896.5, 2077.5, 2267.399999976158, 2445.699999988079, 2508.300000011921, 2656.399999976158, 2856.099999964237, 3049.800000011921]",Q,14,81518b733f5db2dd6ff04a7ffd6bbc0ff371a171a22b627aeb56e2bf80f4aa78,validation,airv_model,original,Q,0.9886335,True,True,1.0
393,angel,Q,1,Q_orient1,33,2,angel/Q/orient1/tilt_back_neutral_2/landmarks_trimmed.json,38,38,18,"[0, 2, 4, 6, 8, 10, 13, 15, 17, 19, 21, 23, 26, 28, 30, 32, 34, 37]","[82.80000001192093, 258.39999997615814, 330.30000001192093, 469.5999999642372, 659.8999999761581, 840.5999999642372, 1052.8999999761581, 1090.0, 1218.0, 1405.800000011921, 1596.0999999642372, 1785.5999999642372, 2036.300000011921, 2212.199999988079, 2394.699999988079, 2581.199999988079, 2786.599999964237, 3065.399999976158]",Q,14,36a33b351b045c71dddd830ad4b83ea9045231f3d5367d7c6b26fdd62c9ea7f0,validation,airv_model,original,Q,0.98079944,True,True,1.0
463,angel,U,1,U_orient1,39,1,angel/U/orient1/tilt_back_away_1/landmarks_trimmed.json,26,26,18,"[0, 1, 2, 4, 5, 7, 8, 10, 11, 13, 14, 16, 17, 19, 20, 22, 23, 25]","[120.29999995231628, 179.29999995231628, 299.0, 547.1000000238419, 677.7999999523163, 922.1000000238419, 1043.6000000238419, 1270.2000000476837, 1385.6000000238419, 1650.2999999523163, 1764.6000000238419, 2007.7000000476837, 2129.7999999523163, 2356.100000023842, 2469.7999999523163, 2702.399999976158, 2811.899999976158, 3068.2000000476837]",U,17,1aeec9de89b934d5f070a840431f9d227a5a8a0f482a594b74e777d558d07415,validation,airv_model,original,U,0.7954166,False,True,1.0
467,angel,U,1,U_orient1,39,1,angel/U/orient1/tilt_forward_away_1/landmarks_trimmed.json,25,25,18,"[0, 1, 2, 4, 5, 7, 8, 9, 11, 12, 14, 15, 16, 18, 19, 21, 22, 24]","[115.20000004768372, 233.5, 355.60000002384186, 596.1000000238419, 724.2000000476837, 966.5, 1088.0, 1204.1000000238419, 1458.7000000476837, 1582.1000000238419, 1819.7000000476837, 1941.0, 2058.7000000476837, 2302.100000023842, 2427.100000023842, 2652.899999976158, 2776.7000000476837, 3014.5]",U,17,6d48bab9d05d7c6e5efc1e5748d0abc7275ad6c2a1e458492116976df769a43c,validation,airv_model,original,U,0.77652884,False,True,1.0
474,angel,U,1,U_orient1,39,1,angel/U/orient1/tilt_neutral_toward_1/landmarks_trimmed.json,25,25,18,"[0, 1, 2, 4, 5, 7, 8, 9, 11, 12, 14, 15, 16, 18, 19, 21, 22, 24]","[120.5, 233.30000007152557, 361.0, 593.5, 713.0, 950.7000000476837, 1071.2000000476837, 1187.5, 1418.3000000715256, 1544.6000000238419, 1813.7000000476837, 1931.2000000476837, 2046.8999999761581, 2284.100000023842, 2410.0, 2642.3000000715256, 2763.0, 3020.5]",U,17,12f3a8022321c658b5aad51479b4d36392b65a7f05793d8204a1c77380d3a706,validation,airv_model,original,U,0.800035,False,True,1.0
489,angel,U,3,U_orient3,41,2,angel/U/orient3/tilt_back_neutral_2/landmarks_trimmed.json,26,26,18,"[0, 1, 2, 4, 5, 7, 8, 10, 11, 13, 14, 16, 17, 19, 20, 22, 23, 25]","[119.20000004768372, 234.40000009536743, 341.8000000715256, 570.5, 689.8000000715256, 916.4000000953674, 1020.9000000953674, 1248.5, 1362.1000000238419, 1588.5, 1697.0, 1926.7000000476837, 2062.0, 2333.4000000953674, 2470.5, 2749.8000000715256, 2869.600000023842, 3131.3000000715256]",U,17,ee88aa4f948da1b5512080596cd48f9f0209ecdc7b44a218198bab63aac423f8,validation,airv_model,original,U,0.9277861,True,True,1.0
494,angel,U,3,U_orient3,41,1,angel/U/orient3/tilt_forward_toward_1/landmarks_trimmed.json,20,20,18,"[0, 1, 2, 3, 4, 5, 6, 7, 8, 10, 11, 12, 13, 14, 15, 16, 17, 19]","[115.10000002384186, 230.69999992847443, 350.1999999284744, 462.89999997615814, 572.6000000238419, 680.3999999761581, 799.5, 921.1000000238419, 1050.1000000238419, 1297.1000000238419, 1887.7999999523163, 2014.8999999761581, 2137.100000023842, 2277.100000023842, 2405.899999976158, 2519.2999999523163, 2639.1999999284744, 3024.2999999523163]",U,17,ab3a23a4440285129269b22ed1514427113c200a2f434620f21c9735b5ef9f34,validation,airv_model,original,U,0.90906644,True,True,1.0
560,angel,Y,1,Y_orient1,47,2,angel/Y/orient1/tilt_back_neutral_2/landmarks_trimmed.json,32,32,18,"[0, 1, 3, 5, 7, 9, 10, 12, 14, 16, 18, 20, 21, 23, 25, 27, 29, 31]","[98.5, 197.39999997615814, 385.39999997615814, 562.7999999523163, 745.7999999523163, 954.6000000238419, 1077.6000000238419, 1298.6000000238419, 1502.0, 1551.8999999761581, 1749.8999999761581, 1943.8999999761581, 2041.7999999523163, 2234.5, 2433.0, 2623.100000023842, 2807.7000000476837, 3005.0]",Y,21,d02644bc95fc903611af5736f8d31dad678d5e3b517aa47029694466d90782d7,validation,airv_model,original,Y,0.97217643,True,True,1.0
565,angel,Y,1,Y_orient1,47,1,angel/Y/orient1/tilt_forward_toward_1/landmarks_trimmed.json,32,32,18,"[0, 1, 3, 5, 7, 9, 10, 12, 14, 16, 18, 20, 21, 23, 25, 27, 29, 31]","[97.60000002384186, 195.69999992847443, 395.1999999284744, 578.1000000238419, 764.8999999761581, 945.1000000238419, 1034.6000000238419, 1229.2999999523163, 1415.2999999523163, 1607.1999999284744, 1809.1999999284744, 2007.1999999284744, 2110.7999999523163, 2297.100000023842, 2482.6999999284744, 2678.6999999284744, 2860.899999976158, 3059.899999976158]",Y,21,714aa702ab93c548d82a26eee5d3ef59f302df93dca1b94c4a371211ae2dd4fc,validation,airv_model,original,Y,0.9889071,True,True,1.0
571,angel,Y,2,Y_orient2,48,1,angel/Y/orient2/tilt_back_neutral_1/landmarks_trimmed.json,27,27,18,"[0, 1, 3, 4, 6, 7, 9, 10, 12, 13, 15, 16, 18, 19, 21, 22, 24, 26]","[110.39999997615814, 221.79999995231628, 440.10000002384186, 552.6000000238419, 782.5, 902.5, 1137.1000000238419, 1244.2000000476837, 1460.7999999523163, 1574.3999999761581, 1801.2999999523163, 1915.2999999523163, 2145.7999999523163, 2259.100000023842, 2475.899999976158, 2592.100000023842, 2810.399999976158, 3045.899999976158]",Y,21,cdc1144349ca09a801ea3d1cd975a0afed172c6b771baa75c66d9efcb32af349,validation,airv_model,original,Y,0.99085885,True,True,1.0
575,angel,Y,2,Y_orient2,48,1,angel/Y/orient2/tilt_forward_neutral_1/landmarks_trimmed.json,31,31,18,"[0, 1, 3, 5, 7, 8, 10, 12, 14, 15, 17, 19, 21, 22, 24, 26, 28, 30]","[106.5, 205.39999997615814, 402.89999997615814, 600.2999999523163, 798.7999999523163, 892.0, 1077.7999999523163, 1280.2999999523163, 1475.7000000476837, 1575.7999999523163, 1753.7000000476837, 1959.1000000238419, 2170.7999999523163, 2269.100000023842, 2461.899999976158, 2658.399999976158, 2869.0, 3064.399999976158]",Y,21,c8ff150ca74e5a4df5575e426e7eb323ad2872647072c9e9dfcfaca01c529805,validation,airv_model,original,Y,0.9850702,True,True,1.0
685,isaac,E,1,E_orient1,8,1,isaac copy/E/orient1/tilt_neutral_away_1/landmarks_trimmed.json,53,53,18,"[0, 3, 6, 9, 12, 15, 18, 21, 24, 27, 30, 33, 36, 39, 42, 45, 48, 52]","[70.0, 193.0, 318.0, 449.00000000046566, 600.0, 781.0, 987.0, 1175.0, 1354.0, 1521.0, 1689.0, 1878.0, 2072.0, 2272.0, 2461.0, 2667.0, 2818.0, 2993.0]",E,4,9a006af22530b90561bbe11d246b896ab57a33098dccf82b77c99ef00e64809b,validation,airv_model,original,E,0.98237234,True,True,1.0
688,isaac,E,1,E_orient1,8,1,isaac copy/E/orient1/tilt_neutral_toward_1/landmarks_trimmed.json,52,52,18,"[0, 3, 6, 9, 12, 15, 18, 21, 24, 27, 30, 33, 36, 39, 42, 45, 48, 51]","[59.0, 257.0, 455.0, 635.0, 786.0, 932.0, 1083.0, 1244.0, 1422.0, 1613.0, 1826.0, 2043.0, 2251.0, 2449.0, 2576.0, 2702.0, 2835.0, 2984.0]",E,4,c35f257a870675811e7f87fc5c099995b3486cd952a1c6d9c3794ba3b5ebafad,validation,airv_model,original,E,0.98166853,True,True,1.0
713,isaac,K,2,K_orient2,18,1,isaac copy/K/orient2/tilt_back_away_1/landmarks_trimmed.json,49,49,18,"[0, 2, 5, 8, 11, 14, 16, 19, 22, 25, 28, 31, 33, 36, 39, 42, 45, 48]","[56.0, 168.0, 334.0, 514.0, 707.0, 907.0, 1036.0, 1217.0, 1406.0, 1586.0, 1819.0, 2001.0, 2119.0000000001164, 2309.0, 2507.0, 2678.0, 2830.0, 2982.0]",K,8,8a5ea65c8424087784e587a127a3722f0a66546f24b2e463509058f7ac6c4145,validation,airv_model,original,K,0.97253114,True,True,1.0
715,isaac,K,2,K_orient2,18,2,isaac copy/K/orient2/tilt_back_neutral_2/landmarks_trimmed.json,61,61,18,"[0, 3, 7, 10, 14, 17, 21, 24, 28, 31, 35, 38, 42, 45, 49, 52, 56, 60]","[52.0, 248.0, 442.0, 568.0, 746.0, 900.0000000001164, 1144.0, 1266.0, 1434.0000000001164, 1571.0, 1788.0, 1978.0, 2140.0, 2265.0, 2448.0, 2605.0, 2831.0, 2998.0]",K,8,f6ec61fc0350d79bf8740a80048eb21323a117e0423b17e2c40a357d2c75c966,validation,airv_model,original,I,0.7255001,False,False,1.0
798,isaac,Q,1,Q_orient1,33,1,isaac copy/Q/orient1/tilt_back_neutral_1/landmarks_trimmed.json,52,52,18,"[0, 3, 6, 9, 12, 15, 18, 21, 24, 27, 30, 33, 36, 39, 42, 45, 48, 51]","[55.99999999976717, 231.0, 413.0, 552.9999999997672, 702.0, 885.9999999997672, 1082.9999999997672, 1249.0, 1435.9999999997672, 1638.9999999997672, 1855.0, 1993.9999999997672, 2137.999999999767, 2295.999999999767, 2503.999999999767, 2702.0, 2840.999999999767, 2988.999999999767]",Q,14,498bb792ce2f0a0dfde462e9c2c4b7245687318a4efb6755c077fb098b0f545f,validation,airv_model,original,Q,0.9918358,True,True,1.0
799,isaac,Q,1,Q_orient1,33,2,isaac copy/Q/orient1/tilt_back_neutral_2/landmarks_trimmed.json,53,53,18,"[0, 3, 6, 9, 12, 15, 18, 21, 24, 27, 30, 33, 36, 39, 42, 45, 48, 52]","[80.0, 271.0, 411.0, 563.0, 750.0, 972.0, 1109.0, 1254.0000000002328, 1423.0, 1608.0, 1748.0, 1895.0, 2061.0, 2276.0, 2473.0, 2615.0, 2762.0, 3000.0]",Q,14,347681d1e8d9a7f05c5cb789d8a3b7a48b31bdb1255da4f2d0441e7e09c999bc,validation,airv_model,original,Q,0.9904756,True,True,1.0
825,isaac,U,2,U_orient2,40,1,isaac copy/U/orient2/tilt_back_toward_1/landmarks_trimmed.json,40,40,18,"[0, 2, 4, 6, 9, 11, 13, 16, 18, 20, 22, 25, 27, 29, 32, 34, 36, 39]","[50.0, 155.0, 563.0, 660.0, 929.0, 1073.0, 1183.0, 1321.0, 1418.0, 1523.0, 1658.0, 1883.0, 2035.0, 2275.0, 2513.0, 2667.0, 2826.0, 3017.0]",U,17,6d9c340a32d9a0dc478f0ff087e303b8ffacbd9fab2fed3a8ee720462290c4a7,validation,airv_model,original,U,0.95165515,True,True,1.0
827,isaac,U,2,U_orient2,40,1,isaac copy/U/orient2/tilt_forward_neutral_1/landmarks_trimmed.json,44,44,18,"[0, 2, 5, 7, 10, 12, 15, 17, 20, 22, 25, 27, 30, 32, 35, 37, 40, 43]","[52.0, 145.0, 290.0, 396.0, 593.0, 716.0, 854.0, 999.0, 1161.0, 1289.0000000004657, 1523.0, 1678.0, 1990.0000000004657, 2143.0, 2377.0, 2534.0, 2768.0, 3003.0]",U,17,ce323052117515bf103145f7e8847454b23139302fa603511311324a07bed89c,validation,airv_model,original,U,0.95669466,True,True,1.0
832,isaac,U,2,U_orient2,40,2,isaac copy/U/orient2/tilt_neutral_neutral_2/landmarks_trimmed.json,47,47,18,"[0, 2, 5, 8, 10, 13, 16, 18, 21, 24, 27, 29, 32, 35, 37, 40, 43, 46]","[70.00000000046566, 208.0, 347.00000000046566, 489.0, 594.0, 783.0, 1017.0, 1173.0, 1412.0, 1653.0, 1886.0, 2007.0, 2145.0, 2289.0, 2396.0000000004657, 2688.0, 2829.0000000004657, 2982.0]",U,17,6ad77aa59e4a911d22ee3b5bb41cfcbf116def8764045cc307fba291051c3ee0,validation,airv_model,original,U,0.9600021,True,True,1.0
928,mathur,E,1,E_orient1,8,1,mathur/E/orient1/tilt_forward_toward_1/landmarks_trimmed.json,20,20,18,"[0, 1, 2, 3, 4, 5, 6, 7, 8, 10, 11, 12, 13, 14, 15, 16, 17, 19]","[172.19999980926514, 253.19999980926514, 422.30000019073486, 597.0, 683.4000000953674, 858.0999999046326, 1032.0, 1120.9000000953674, 1288.0999999046326, 1629.5, 1808.0, 1975.8000001907349, 2143.800000190735, 2322.4000000953674, 2501.800000190735, 2594.5999999046326, 2770.5, 3023.199999809265]",E,4,ddf9a856f24938e43e3407fe87ec56bde3d0ed26284a743806085d01fa4c1368,validation,airv_model,original,E,0.9405135,True,True,1.0
949,mathur,K,1,K_orient1,17,1,mathur/K/orient1/tilt_back_neutral_1/landmarks_trimmed.json,19,19,18,"[0, 1, 2, 3, 4, 5, 6, 7, 8, 9, 10, 11, 12, 13, 14, 15, 16, 18]","[161.40000009536743, 326.09999990463257, 483.5, 645.0, 803.5999999046326, 961.9000000953674, 1122.5, 1283.5, 1446.5999999046326, 1596.5, 1757.8000001907349, 1921.9000000953674, 2079.0999999046326, 2243.300000190735, 2405.5, 2561.2000002861023, 2723.0999999046326, 3052.5999999046326]",K,8,a86f8f4c94724a81d9a31aec04c9c5f6e339c74b82c474763ea0506bbcb3eac7,validation,airv_model,original,K,0.9685556,True,True,1.0
959,mathur,K,1,K_orient1,17,1,mathur/K/orient1/tilt_neutral_toward_1/landmarks_trimmed.json,19,19,18,"[0, 1, 2, 3, 4, 5, 6, 7, 8, 9, 10, 11, 12, 13, 14, 15, 16, 18]","[164.80000019073486, 321.30000019073486, 477.0, 636.0, 792.4000000953674, 948.0999999046326, 1114.2000002861023, 1273.4000000953674, 1433.8000001907349, 1591.7000002861023, 1750.8000001907349, 1913.9000000953674, 2072.0, 2235.5, 2398.0999999046326, 2559.4000000953674, 2705.7000002861023, 3028.4000000953674]",K,8,296b040e24baa568bd034bead9c5d24cac63c9e40bdce95b025023f5bc3d623c,validation,airv_model,original,K,0.96030366,True,True,1.0
961,mathur,K,2,K_orient2,18,1,mathur/K/orient2/tilt_back_neutral_1/landmarks_trimmed.json,19,19,18,"[0, 1, 2, 3, 4, 5, 6, 7, 8, 9, 10, 11, 12, 13, 14, 15, 16, 18]","[162.69999980926514, 327.90000009536743, 497.0, 661.5999999046326, 824.0, 985.1999998092651, 1148.8000001907349, 1312.3000001907349, 1503.4000000953674, 1653.3000001907349, 1812.9000000953674, 1976.6999998092651, 2131.0, 2297.9000000953674, 2462.9000000953674, 2626.300000190735, 2786.800000190735, 3111.9000000953674]",K,8,cd1cbf411901ec30babfbe794845d6c6842d50a70f01258ecaee4e9e742e1dae,validation,airv_model,original,K,0.94338155,True,True,1.0
964,mathur,K,2,K_orient2,18,1,mathur/K/orient2/tilt_forward_away_1/landmarks_trimmed.json,19,19,18,"[0, 1, 2, 3, 4, 5, 6, 7, 8, 9, 10, 11, 12, 13, 14, 15, 16, 18]","[164.39999961853027, 243.7999997138977, 405.8999996185303, 575.1999998092651, 740.3999996185303, 906.1999998092651, 1066.5999999046326, 1228.0999999046326, 1389.5999999046326, 1552.5, 1712.1999998092651, 1875.0999999046326, 2042.3999996185303, 2202.199999809265, 2367.0, 2524.8999996185303, 2688.0999999046326, 3025.5]",K,8,64d032550da501b9be2a09b79b5709c140b3622779004e8035720ca95ce497d7,validation,airv_model,original,O,0.5677512,False,False,1.0
1074,mathur,Q,1,Q_orient1,33,1,mathur/Q/orient1/tilt_neutral_toward_1/landmarks_trimmed.json,20,20,18,"[0, 1, 2, 3, 4, 5, 6, 7, 8, 10, 11, 12, 13, 14, 15, 16, 17, 19]","[150.40000009536743, 305.19999980926514, 458.69999980926514, 615.1999998092651, 765.9000000953674, 921.9000000953674, 1099.0, 1251.0, 1402.6999998092651, 1704.0, 1859.4000000953674, 2017.1999998092651, 2176.9000000953674, 2321.0, 2470.7999997138977, 2620.2999997138977, 2780.9000000953674, 3095.9000000953674]",Q,14,f06082bed38f3937dc98e8fe0fd7ceb9c157901898cfa5d9a3290682d39ca605,validation,airv_model,original,Q,0.9884616,True,True,1.0
1136,mathur,U,1,U_orient1,39,1,mathur/U/orient1/tilt_forward_away_1/landmarks_trimmed.json,21,21,18,"[0, 1, 2, 3, 4, 5, 7, 8, 9, 10, 11, 12, 14, 15, 16, 17, 18, 20]","[155.5, 302.2000002861023, 455.80000019073486, 611.5999999046326, 687.5, 844.5999999046326, 1153.9000000953674, 1303.7000002861023, 1455.7000002861023, 1614.7000002861023, 1768.5, 1923.0, 2150.5, 2305.5, 2459.300000190735, 2605.9000000953674, 2765.5, 3065.0999999046326]",U,17,05d707d83e1d7173a547a9ac36e1223c8c208ef1994ca83f2ab8a5a7598388e2,validation,airv_model,original,U,0.7951565,False,True,1.0
1148,mathur,U,2,U_orient2,40,1,mathur/U/orient2/tilt_forward_neutral_1/landmarks_trimmed.json,20,20,18,"[0, 1, 2, 3, 4, 5, 6, 7, 8, 10, 11, 12, 13, 14, 15, 16, 17, 19]","[162.90000009536743, 322.19999980926514, 477.40000009536743, 634.5999999046326, 793.4000000953674, 946.0999999046326, 1093.5999999046326, 1249.0999999046326, 1409.5999999046326, 1704.5999999046326, 1857.0999999046326, 2013.9000000953674, 2177.0, 2337.4000000953674, 2496.4000000953674, 2566.9000000953674, 2727.300000190735, 3040.800000190735]",U,17,307b6c2ec449110ddc34e4ba374a8bd1702583c054cd2779b7a47a3d82b23abc,validation,airv_model,original,U,0.95389676,True,True,1.0
1159,mathur,U,3,U_orient3,41,1,mathur/U/orient3/tilt_forward_neutral_1/landmarks_trimmed.json,20,20,18,"[0, 1, 2, 3, 4, 5, 6, 7, 8, 10, 11, 12, 13, 14, 15, 16, 17, 19]","[165.30000019073486, 315.09999990463257, 467.30000019073486, 619.5999999046326, 775.9000000953674, 931.0, 1083.3000001907349, 1236.0, 1395.0999999046326, 1699.1999998092651, 1855.6999998092651, 2012.5, 2166.0, 2326.9000000953674, 2480.0, 2628.5, 2787.5999999046326, 3101.5]",U,17,37b4d9483bee6a371abcfdf6db566e9876eb5c175d0131fae2c595fc2ab8914a,validation,airv_model,original,U,0.9493005,True,True,1.0
1162,mathur,U,3,U_orient3,41,1,mathur/U/orient3/tilt_neutral_away_1/landmarks_trimmed.json,20,20,18,"[0, 1, 2, 3, 4, 5, 6, 7, 8, 10, 11, 12, 13, 14, 15, 16, 17, 19]","[161.30000019073486, 235.90000009536743, 393.19999980926514, 541.1999998092651, 698.0, 851.9000000953674, 1000.5, 1155.5999999046326, 1310.0, 1624.0999999046326, 1775.5, 1931.9000000953674, 2088.699999809265, 2245.800000190735, 2401.9000000953674, 2548.699999809265, 2710.300000190735, 3023.4000000953674]",U,17,3b02e5c4be7a1835a4164dc80470b25e12a9aa4b7affc2ac5cd2c32e3a95853f,validation,airv_model,original,U,0.8160057,False,True,1.0
1163,mathur,U,3,U_orient3,41,1,mathur/U/orient3/tilt_neutral_neutral_1/landmarks_trimmed.json,20,20,18,"[0, 1, 2, 3, 4, 5, 6, 7, 8, 10, 11, 12, 13, 14, 15, 16, 17, 19]","[156.39999961853027, 308.19999980926514, 464.3999996185303, 625.2999997138977, 779.0, 938.5, 1092.8999996185303, 1250.3999996185303, 1396.5, 1697.6999998092651, 1852.6999998092651, 2007.3999996185303, 2171.2999997138977, 2325.5999999046326, 2481.199999809265, 2641.3999996185303, 2800.7999997138977, 3105.5]",U,17,00471a05e17bda6fc169f75d2e22e14079be96a96c3e1063c4aa84c53c3984de,validation,airv_model,original,U,0.61721706,False,True,1.0
1189,mathur,Y,1,Y_orient1,47,1,mathur/Y/orient1/tilt_back_neutral_1/landmarks_trimmed.json,18,18,18,"[0, 1, 2, 3, 4, 5, 6, 7, 8, 9, 10, 11, 12, 13, 14, 15, 16, 17]","[193.59999990463257, 379.09999990463257, 552.9000000953674, 730.5, 911.5, 1104.3000001907349, 1199.5999999046326, 1378.8000001907349, 1567.6999998092651, 1748.5999999046326, 1941.1999998092651, 2129.4000000953674, 2228.5, 2421.300000190735, 2613.5, 2805.699999809265, 2977.699999809265, 3151.800000190735]",Y,21,f9c34ca2fe2f29cf8250828c752268ea4dc35c592033db79ed9cf17fe09abe31,validation,airv_model,original,Y,0.99140584,True,True,1.0
1191,mathur,Y,1,Y_orient1,47,2,mathur/Y/orient1/tilt_forward_neutral_2/landmarks_trimmed.json,18,18,18,"[0, 1, 2, 3, 4, 5, 6, 7, 8, 9, 10, 11, 12, 13, 14, 15, 16, 17]","[179.40000009536743, 360.2000002861023, 537.5, 713.1000003814697, 891.0, 1078.9000000953674, 1263.7000002861023, 1460.1000003814697, 1647.8000001907349, 1824.2000002861023, 1991.8000001907349, 2162.1000003814697, 2257.5, 2433.0, 2616.6000003814697, 2788.6000003814697, 2970.7000002861023, 3163.4000000953674]",Y,21,5ce94d584bd5e2e6e6f4b07bad61b7888ab2e08a52d61842f9e5f3ae0abc53a6,validation,airv_model,original,Y,0.99410903,True,True,1.0
1293,rithika,E,2,E_orient2,9,2,rithika/E/orient2/tilt_forward_neutral_2/landmarks_trimmed.json,72,72,18,"[0, 4, 8, 12, 16, 20, 25, 29, 33, 37, 41, 45, 50, 54, 58, 62, 66, 71]","[56.69999998807907, 198.30000001192093, 331.0, 464.10000002384186, 594.1000000238419, 727.8000000119209, 895.4000000357628, 1030.9000000357628, 1157.199999988079, 1296.0, 1430.9000000357628, 1559.699999988079, 1729.300000011921, 1864.0, 2062.600000023842, 2528.400000035763, 2695.400000035763, 3028.800000011921]",E,4,6556a7867d231f0e3c8ced757fc9dd08c7eefeeca8094ecb87a9864318daa977,validation,airv_model,original,E,0.50586146,False,True,0.11111111
1298,rithika,E,2,E_orient2,9,1,rithika/E/orient2/tilt_neutral_toward_1/landmarks_trimmed.json,54,54,18,"[0, 3, 6, 9, 12, 15, 18, 21, 24, 28, 31, 34, 37, 40, 43, 46, 49, 53]","[66.30000001192093, 165.0, 333.39999997615814, 464.89999997615814, 630.1999999880791, 801.8999999761581, 933.0, 1098.199999988079, 1298.800000011921, 1566.3999999761581, 1764.0, 1901.5999999642372, 2037.199999988079, 2132.399999976158, 2298.599999964237, 2635.0, 2733.199999988079, 2838.800000011921]",E,4,0cc78e8df68855cb7da235ea7cec602ca0361b133c765c10b8e4a2af34108563,validation,airv_model,original,E,0.94731706,True,True,1.0
1303,rithika,E,3,E_orient3,10,1,rithika/E/orient3/tilt_forward_away_1/landmarks_trimmed.json,61,61,18,"[0, 3, 7, 10, 14, 17, 21, 24, 28, 31, 35, 38, 42, 45, 49, 52, 56, 60]","[70.40000003576279, 231.4000000357628, 466.69999998807907, 595.0, 796.1000000238419, 1002.6000000238419, 1200.5, 1332.800000011921, 1533.4000000357628, 1698.199999988079, 1934.199999988079, 2064.300000011921, 2264.800000011921, 2396.900000035763, 2599.100000023842, 2706.699999988079, 2871.600000023842, 3003.699999988079]",E,4,3a768f02ea591e69629f37823599461fd0d7279f33475283455337f4ccd1a2eb,validation,airv_model,original,F,0.9861443,True,False,0.22222222
1307,rithika,E,3,E_orient3,10,1,rithika/E/orient3/tilt_neutral_neutral_1/landmarks_trimmed.json,49,49,18,"[0, 2, 5, 8, 11, 14, 16, 19, 22, 25, 28, 31, 33, 36, 39, 42, 45, 48]","[33.10000002384186, 100.0, 301.80000001192093, 436.60000002384186, 637.6000000238419, 792.3999999761581, 864.3999999761581, 1028.5, 1200.300000011921, 1330.0, 1502.8999999761581, 1634.199999988079, 2331.800000011921, 2500.399999976158, 2630.800000011921, 2739.5, 2900.800000011921, 3000.800000011921]",E,4,b9a2232a4449219d8fd5283de5c52460581bbb5ec3fd4b9a6c89a72ca9434db2,validation,airv_model,original,E,0.97883236,True,True,1.0
1308,rithika,E,3,E_orient3,10,2,rithika/E/orient3/tilt_neutral_neutral_2/landmarks_trimmed.json,89,89,18,"[0, 5, 10, 15, 20, 25, 31, 36, 41, 46, 51, 56, 62, 67, 72, 77, 82, 88]","[34.5, 201.39999997615814, 366.19999998807907, 533.1000000238419, 702.6000000238419, 863.8999999761581, 1066.199999988079, 1233.1000000238419, 1402.699999988079, 1601.3999999761581, 1762.0, 1935.1000000238419, 2170.699999988079, 2334.199999988079, 2499.600000023842, 2663.800000011921, 2834.199999988079, 3004.199999988079]",E,4,08feab2c3e4bf92cfc5e102f61e468111a4f90e277cb9a998f583c2a42d61ecd,validation,airv_model,original,E,0.98527205,True,True,1.0
1348,rithika,I,2,I_orient2,15,1,rithika/I/orient2/tilt_back_toward_1/landmarks_trimmed.json,58,58,18,"[0, 3, 6, 10, 13, 16, 20, 23, 26, 30, 33, 36, 40, 43, 46, 50, 53, 57]","[498.5999999642372, 598.6999999880791, 765.0, 898.1999999880791, 1000.3999999761581, 1097.2999999523163, 1231.8999999761581, 1330.199999988079, 1432.0999999642372, 1567.199999988079, 1701.2999999523163, 1833.3999999761581, 1963.0, 2263.099999964237, 2366.2999999523163, 2633.2999999523163, 2799.099999964237, 2933.899999976158]",I,7,40ad46a7dc01713a52d87620aa39921c91c3aa51a163e1907e497fda677baa5e,validation,airv_model,original,I,0.8856002,True,True,1.0
1355,rithika,I,3,I_orient3,16,1,rithika/I/orient3/tilt_back_away_1/landmarks_trimmed.json,71,71,18,"[0, 4, 8, 12, 16, 20, 24, 28, 32, 37, 41, 45, 49, 53, 57, 61, 65, 70]","[33.19999998807907, 165.5999999642372, 298.0, 430.80000001192093, 564.8999999761581, 693.3000000119209, 992.5, 1460.8999999761581, 1598.300000011921, 1761.0999999642372, 2029.800000011921, 2164.300000011921, 2307.899999976158, 2464.800000011921, 2598.5, 2730.300000011921, 2864.300000011921, 3031.0]",I,7,334984461c7235dfc3359ca00ec2dc02558c3811472717c9101627543738d83f,validation,airv_model,original,A,0.64735544,False,False,1.0
1362,rithika,I,3,I_orient3,16,1,rithika/I/orient3/tilt_neutral_away_1/landmarks_trimmed.json,80,80,18,"[0, 4, 9, 13, 18, 23, 27, 32, 37, 41, 46, 51, 55, 60, 65, 69, 74, 79]","[36.799999952316284, 233.79999995231628, 467.0999999642372, 637.8999999761581, 869.5999999642372, 1073.0, 1237.3999999761581, 1405.5, 1571.3999999761581, 1684.2999999523163, 1904.7999999523163, 2104.7999999523163, 2238.0, 2404.5, 2541.599999964237, 2673.699999988079, 2838.2999999523163, 3003.699999988079]",I,7,0fab4edf89bc578e57e5f7d1190bea71e57894d896f4a21712d12170e85466a5,validation,airv_model,original,I,0.77000964,False,True,0.22222222
1365,rithika,I,3,I_orient3,16,1,rithika/I/orient3/tilt_neutral_toward_1/landmarks_trimmed.json,72,72,18,"[0, 4, 8, 12, 16, 20, 25, 29, 33, 37, 41, 45, 50, 54, 58, 62, 66, 71]","[33.19999998807907, 229.80000001192093, 429.9000000357628, 602.0, 767.8000000119209, 897.3000000119209, 1098.300000011921, 1259.699999988079, 1397.4000000357628, 1570.9000000357628, 1796.800000011921, 1930.800000011921, 2165.0, 2324.600000023842, 2530.0, 2640.400000035763, 2862.600000023842, 3003.900000035763]",I,7,5b4094bb6aecf829f171d3b85e6a0239bb9367d5642c92d2a6947f25c240d0bb,validation,airv_model,original,O,0.80703807,False,False,1.0
1367,rithika,K,1,K_orient1,17,1,rithika/K/orient1/tilt_back_neutral_1/landmarks_trimmed.json,64,64,18,"[0, 3, 7, 11, 14, 18, 22, 25, 29, 33, 37, 40, 44, 48, 51, 55, 59, 63]","[70.20000004768372, 200.60000002384186, 396.80000001192093, 635.7000000476837, 768.1000000238419, 966.3000000119209, 1169.4000000357628, 1300.1000000238419, 1498.1000000238419, 1737.1000000238419, 1936.1000000238419, 2059.900000035763, 2268.2000000476837, 2434.7000000476837, 2541.600000023842, 2697.2000000476837, 2825.0, 3005.7000000476837]",K,8,1434d583bc716fd1f8f846b0c5d3becf27b80c2861dc829b6a33cc61a565c8c5,validation,airv_model,original,K,0.89352304,True,True,1.0
1370,rithika,K,1,K_orient1,17,1,rithika/K/orient1/tilt_forward_away_1/landmarks_trimmed.json,60,60,18,"[0, 3, 6, 10, 13, 17, 20, 24, 27, 31, 34, 38, 41, 45, 48, 52, 55, 59]","[64.90000003576279, 231.70000004768372, 397.0, 601.9000000357628, 697.9000000357628, 893.4000000357628, 1070.1000000238419, 1302.6000000238419, 1496.7000000476837, 1701.0, 1860.6000000238419, 2101.7000000476837, 2236.300000011921, 2461.600000023842, 2639.100000023842, 2796.5, 2871.400000035763, 3003.400000035763]",K,8,4af3f7bd89072efab5c26be1b331d6271016741a0272a3de412baee31da5a9b3,validation,airv_model,original,D,0.6149904,False,False,1.0
1376,rithika,K,1,K_orient1,17,2,rithika/K/orient1/tilt_neutral_neutral_2/landmarks_trimmed.json,62,62,18,"[0, 3, 7, 10, 14, 17, 21, 25, 28, 32, 35, 39, 43, 46, 50, 53, 57, 61]","[64.89999997615814, 199.0, 365.0, 532.8000000119209, 768.8000000119209, 866.8999999761581, 1066.0, 1267.800000011921, 1399.1000000238419, 1597.800000011921, 1731.0, 1966.699999988079, 2162.600000023842, 2364.399999976158, 2597.199999988079, 2729.699999988079, 2838.800000011921, 3004.399999976158]",K,8,fa709025ed661e367eb0ccf543d088b8145843fe345100cfe8851bfe499f4a66,validation,airv_model,original,K,0.96291256,True,True,1.0
1542,rithika,Q,1,Q_orient1,33,1,rithika/Q/orient1/tilt_back_toward_1/landmarks_trimmed.json,55,55,18,"[0, 3, 6, 9, 12, 15, 19, 22, 25, 28, 31, 34, 38, 41, 44, 47, 50, 54]","[70.5, 231.60000002384186, 400.30000001192093, 570.0, 697.0, 902.3000000119209, 1135.4000000357628, 1303.9000000357628, 1431.0, 1633.7000000476837, 1799.6000000238419, 1995.7000000476837, 2264.400000035763, 2427.900000035763, 2508.900000035763, 2641.2000000476837, 2799.900000035763, 3025.300000011921]",Q,14,713f8ecf3906bcfbb449c3aeb04115fd290ff704fb57221d69881ccffadf510f,validation,airv_model,original,Q,0.93579525,True,True,0.3888889
1548,rithika,Q,1,Q_orient1,33,1,rithika/Q/orient1/tilt_neutral_neutral_1/landmarks_trimmed.json,61,61,18,"[0, 3, 7, 10, 14, 17, 21, 24, 28, 31, 35, 38, 42, 45, 49, 52, 56, 60]","[67.60000002384186, 276.80000001192093, 463.69999998807907, 676.1000000238419, 903.1000000238419, 1068.800000011921, 1303.800000011921, 1440.3999999761581, 1628.0, 1803.8999999761581, 1998.800000011921, 2110.399999976158, 2274.399999976158, 2366.100000023842, 2508.399999976158, 2632.699999988079, 2837.0, 3005.600000023842]",Q,14,7f9835b7d9d3d884b819d812473bc6a062e038602aba911a291a5781892c64bb,validation,airv_model,original,Q,0.987152,True,True,1.0
1602,rithika,U,1,U_orient1,39,1,rithika/U/orient1/tilt_neutral_neutral_1/landmarks_trimmed.json,61,61,18,"[0, 3, 7, 10, 14, 17, 21, 24, 28, 31, 35, 38, 42, 45, 49, 52, 56, 60]","[68.30000001192093, 270.0, 470.5, 602.3000000119209, 760.5, 969.8000000119209, 1134.699999988079, 1304.5, 1464.6000000238419, 1631.300000011921, 1867.5, 2026.1000000238419, 2272.899999976158, 2430.5, 2602.600000023842, 2705.100000023842, 2866.800000011921, 3037.5]",U,17,8f56a2613c3b041bf9338862b2d03019644094c2665122f679bef65e64f77d68,validation,airv_model,original,U,0.70428777,False,True,1.0
1607,rithika,U,2,U_orient2,40,2,rithika/U/orient2/tilt_back_neutral_2/landmarks_trimmed.json,63,63,18,"[0, 3, 7, 10, 14, 18, 21, 25, 29, 32, 36, 40, 43, 47, 51, 54, 58, 62]","[33.30000001192093, 132.5999999642372, 965.0, 1064.5999999642372, 1197.8999999761581, 1331.300000011921, 1429.5, 1563.0999999642372, 1739.0, 1860.5, 2066.399999976158, 2195.300000011921, 2327.699999988079, 2496.399999976158, 2659.800000011921, 2762.399999976158, 2897.099999964237, 3030.599999964237]",U,17,833027ef172bbcc339be644731e73c904e1d16f8491b50a449be9b7b75b2014a,validation,airv_model,original,U,0.836824,False,True,1.0
1612,rithika,U,2,U_orient2,40,1,rithika/U/orient2/tilt_forward_toward_1/landmarks_trimmed.json,64,64,18,"[0, 3, 7, 11, 14, 18, 22, 25, 29, 33, 37, 40, 44, 48, 51, 55, 59, 63]","[95.70000004768372, 220.70000004768372, 366.7000000476837, 496.0, 627.6000000238419, 831.7000000476837, 990.7000000476837, 1162.7000000476837, 1322.300000011921, 1532.9000000357628, 1688.6000000238419, 1863.1000000238419, 2053.300000011921, 2300.100000023842, 2465.900000035763, 2699.600000023842, 2827.300000011921, 3060.5]",U,17,7fdfaf5010bb00ee5696ade696e377f3367a6b307cbef9cff26f201b9ea422a7,validation,airv_model,original,U,0.874678,True,True,1.0
1620,rithika,U,3,U_orient3,41,1,rithika/U/orient3/tilt_back_toward_1/landmarks_trimmed.json,87,87,18,"[0, 5, 10, 15, 20, 25, 30, 35, 40, 45, 50, 55, 60, 65, 70, 75, 80, 86]","[33.80000001192093, 201.10000002384186, 365.19999998807907, 531.8000000119209, 701.1999999880791, 863.6000000238419, 1032.199999988079, 1199.1000000238419, 1368.0, 1632.9000000357628, 1796.4000000357628, 1996.300000011921, 2163.699999988079, 2330.699999988079, 2501.400000035763, 2666.0, 2831.5, 3031.699999988079]",U,17,596f41b6118e02d69428e52832d57718bbc36f248af75fbcf6ce9aa604a462a3,validation,airv_model,original,U,0.8477941,False,True,1.0
1624,rithika,U,3,U_orient3,41,1,rithika/U/orient3/tilt_forward_toward_1/landmarks_trimmed.json,60,60,18,"[0, 3, 6, 10, 13, 17, 20, 24, 27, 31, 34, 38, 41, 45, 48, 52, 55, 59]","[68.70000004768372, 229.30000001192093, 361.7000000476837, 496.2000000476837, 699.4000000357628, 826.3000000119209, 995.7000000476837, 1230.0, 1395.800000011921, 1631.2000000476837, 1799.5, 1955.7000000476837, 2095.0, 2294.7000000476837, 2499.300000011921, 2695.300000011921, 2862.300000011921, 3029.800000011921]",U,17,e983eb49b74abdca5153e74906acb0aac6ac7f65b809e6d9cb248c9dc5926c46,validation,airv_model,original,U,0.82316965,False,True,1.0
1689,rithika,Y,1,Y_orient1,47,1,rithika/Y/orient1/tilt_neutral_away_1/landmarks_trimmed.json,65,65,18,"[0, 3, 7, 11, 15, 18, 22, 26, 30, 33, 37, 41, 45, 48, 52, 56, 60, 64]","[69.19999998807907, 199.4000000357628, 334.5, 467.69999998807907, 643.6000000238419, 1166.800000011921, 1300.300000011921, 1434.0, 1568.0, 1667.800000011921, 1802.5, 1933.800000011921, 2066.800000011921, 2166.800000011921, 2434.300000011921, 2735.400000035763, 2871.300000011921, 3003.5]",Y,21,11bc1dcc02bfc46180e50582c21ad851439781e7a080a5a46a49c71728cc8077,validation,airv_model,original,Y,0.69943017,False,True,1.0
1690,rithika,Y,1,Y_orient1,47,2,rithika/Y/orient1/tilt_neutral_neutral_2/landmarks_trimmed.json,48,48,18,"[0, 2, 5, 8, 11, 13, 16, 19, 22, 24, 27, 30, 33, 35, 38, 41, 44, 47]","[33.89999997615814, 133.0, 398.0999999642372, 564.3000000119209, 764.3999999761581, 902.1999999880791, 1031.0, 1565.5, 1835.5999999642372, 1932.5999999642372, 2098.300000011921, 2294.300000011921, 2435.800000011921, 2535.199999988079, 2659.0, 2770.099999964237, 2926.899999976158, 3035.0]",Y,21,2cd2d58c90fb72b0d96f0e93da6bbd1d9ceb0ffde333cf90b5989d8ece370006,validation,airv_model,original,Y,0.8923864,True,True,1.0
1699,rithika,Y,2,Y_orient2,48,1,rithika/Y/orient2/tilt_neutral_away_1/landmarks_trimmed.json,90,90,18,"[0, 5, 10, 15, 20, 26, 31, 36, 41, 47, 52, 57, 62, 68, 73, 78, 83, 89]","[33.09999996423721, 198.39999997615814, 363.0999999642372, 529.0, 697.1999999880791, 894.6999999880791, 1063.0, 1229.699999988079, 1396.5999999642372, 1629.3999999761581, 1798.0, 1963.699999988079, 2129.800000011921, 2329.800000011921, 2495.0, 2663.0, 2830.199999988079, 3028.899999976158]",Y,21,46181eeea0267b9424e69788cb631dae30693715c61b608c6f50bb76d9d23f14,validation,airv_model,original,Y,0.99046224,True,True,1.0
103,angel,E,1,E_orient1,8,2,angel/E/orient1/tilt_neutral_neutral_2/landmarks_trimmed.json,31,31,18,"[0, 1, 3, 5, 7, 8, 10, 12, 14, 15, 17, 19, 21, 22, 24, 26, 28, 30]","[102.19999998807907, 198.79999995231628, 389.2999999523163, 597.8999999761581, 796.8999999761581, 885.7999999523163, 1086.8999999761581, 1288.5, 1489.8999999761581, 1594.3999999761581, 1777.199999988079, 1987.8999999761581, 2190.899999976158, 2281.199999988079, 2470.7999999523163, 2678.399999976158, 2873.199999988079, 3071.2999999523163]",E,4,eec9896802df5edd233360fc26400c0211bf0488bda39cc4f43b7cd4a3988632,test,airv_model,original,E,0.98788154,True,True,1.0
104,angel,E,1,E_orient1,8,1,angel/E/orient1/tilt_neutral_toward_1/landmarks_trimmed.json,31,31,18,"[0, 1, 3, 5, 7, 8, 10, 12, 14, 15, 17, 19, 21, 22, 24, 26, 28, 30]","[93.60000002384186, 197.19999998807907, 402.69999998807907, 613.1000000238419, 823.8000000119209, 928.8999999761581, 1132.6000000238419, 1328.5, 1510.1000000238419, 1606.5, 1790.800000011921, 1973.300000011921, 2174.600000023842, 2275.800000011921, 2485.899999976158, 2685.100000023842, 2874.399999976158, 3068.800000011921]",E,4,92dd514dcafff70b4767ea8fac81135bc3760a67cc6a3595fbd428bf4c84fba1,test,airv_model,original,I,0.508008,False,False,1.0
105,angel,E,2,E_orient2,9,1,angel/E/orient2/tilt_back_away_1/landmarks_trimmed.json,32,32,18,"[0, 1, 3, 5, 7, 9, 10, 12, 14, 16, 18, 20, 21, 23, 25, 27, 29, 31]","[86.20000004768372, 182.9000000357628, 381.60000002384186, 583.7000000476837, 779.3000000119209, 973.2000000476837, 1058.300000011921, 1248.800000011921, 1446.4000000357628, 1644.6000000238419, 1847.7000000476837, 2050.7000000476837, 2137.0, 2310.7000000476837, 2480.2000000476837, 2656.100000023842, 2849.5, 3032.400000035763]",E,4,8c31266186a401a9ec5ed82d0257e10f2ac8501062d530809922e9b9dc117aa3,test,airv_model,original,E,0.54424936,False,True,1.0
108,angel,E,2,E_orient2,9,1,angel/E/orient2/tilt_back_toward_1/landmarks_trimmed.json,36,36,18,"[0, 2, 4, 6, 8, 10, 12, 14, 16, 18, 20, 22, 24, 26, 28, 30, 32, 35]","[97.0, 280.9000000357628, 455.2000000476837, 629.5, 805.7000000476837, 979.3000000119209, 1153.800000011921, 1328.800000011921, 1527.6000000238419, 1717.0, 1892.6000000238419, 2065.5, 2243.5, 2371.800000011921, 2410.7000000476837, 2610.100000023842, 2794.600000023842, 3060.0]",E,4,1a574c505fb983d1629e3f21cab3adc62873a9716e99c396330c7a023d18ef07,test,airv_model,original,I,0.6530114,False,False,0.055555556
109,angel,E,2,E_orient2,9,1,angel/E/orient2/tilt_forward_away_1/landmarks_trimmed.json,29,29,18,"[0, 1, 3, 4, 6, 8, 9, 11, 13, 14, 16, 18, 19, 21, 23, 24, 26, 28]","[89.5, 190.10000002384186, 379.80000001192093, 475.60000002384186, 678.7000000476837, 1001.7000000476837, 1104.800000011921, 1307.6000000238419, 1510.1000000238419, 1614.6000000238419, 1815.7000000476837, 2019.300000011921, 2121.400000035763, 2338.400000035763, 2527.400000035763, 2617.0, 2817.5, 3026.100000023842]",E,4,0cf2df320434abcb31a03c7b659be12791fd7ae6a0c3961a076b666affc4eea7,test,airv_model,original,E,0.51076025,False,True,1.0
165,angel,I,1,I_orient1,14,1,angel/I/orient1/tilt_back_neutral_1/landmarks_trimmed.json,22,22,18,"[0, 1, 2, 3, 4, 6, 7, 8, 9, 11, 12, 13, 14, 16, 17, 18, 19, 21]","[109.19999998807907, 334.19999998807907, 451.10000002384186, 572.6000000238419, 692.0, 1034.0, 1145.699999988079, 1256.9000000357628, 1385.300000011921, 1628.800000011921, 1757.0, 1861.300000011921, 1976.6000000238419, 2206.900000035763, 2326.800000011921, 2439.400000035763, 2555.900000035763, 2924.300000011921]",I,7,6bdeb76edd03086b43c550ce89c742c63c12e4b16802cda4d11f4144950cfa73,test,airv_model,original,U,0.83353686,False,False,1.0
169,angel,I,1,I_orient1,14,1,angel/I/orient1/tilt_forward_neutral_1/landmarks_trimmed.json,26,26,18,"[0, 1, 2, 4, 5, 7, 8, 10, 11, 13, 14, 16, 17, 19, 20, 22, 23, 25]","[122.5, 237.80000001192093, 352.69999998807907, 597.3999999761581, 715.3000000119209, 966.6000000238419, 1087.6000000238419, 1327.0, 1440.0, 1666.6000000238419, 1783.1000000238419, 2026.1000000238419, 2145.899999976158, 2370.399999976158, 2484.0, 2715.5, 2828.300000011921, 3067.300000011921]",I,7,acdfe2c2afd4e28a836fb3174eedd4bcb6051e7ac43b07a220eaf166ee9fca21,test,airv_model,original,U,0.6315847,False,False,1.0
174,angel,I,1,I_orient1,14,2,angel/I/orient1/tilt_neutral_neutral_2/landmarks_trimmed.json,26,26,18,"[0, 1, 2, 4, 5, 7, 8, 10, 11, 13, 14, 16, 17, 19, 20, 22, 23, 25]","[121.30000001192093, 236.39999997615814, 350.80000001192093, 589.6999999880791, 708.0999999642372, 953.0999999642372, 1068.199999988079, 1291.0999999642372, 1403.8999999761581, 1632.5999999642372, 1748.300000011921, 1981.5, 2094.599999964237, 2333.599999964237, 2446.300000011921, 2677.5, 2795.099999964237, 3026.899999976158]",I,7,b6b81055935f29cbdee0030918a765577df9fb86007f0e37aec9a61a8c7a3c98,test,airv_model,original,I,0.84437525,False,True,1.0
186,angel,I,2,I_orient2,15,1,angel/I/orient2/tilt_neutral_toward_1/landmarks_trimmed.json,26,26,18,"[0, 1, 2, 4, 5, 7, 8, 10, 11, 13, 14, 16, 17, 19, 20, 22, 23, 25]","[112.39999997615814, 234.89999997615814, 361.0, 581.6999999880791, 710.3999999761581, 946.5, 1060.8999999761581, 1294.3999999761581, 1405.699999988079, 1635.5, 1748.0999999642372, 1994.0, 2101.699999988079, 2322.399999976158, 2440.199999988079, 2662.800000011921, 2781.399999976158, 3015.300000011921]",I,7,d744638b6ad8047a39821e0cbdd702d90dfed714583d5af2c050dcc351e8fbb2,test,airv_model,original,I,0.89860195,True,True,1.0
191,angel,I,3,I_orient3,16,1,angel/I/orient3/tilt_forward_away_1/landmarks_trimmed.json,27,27,18,"[0, 1, 3, 4, 6, 7, 9, 10, 12, 13, 15, 16, 18, 19, 21, 22, 24, 26]","[118.5, 229.30000001192093, 448.69999998807907, 552.3999999761581, 778.6999999880791, 888.8000000119209, 1122.699999988079, 1238.800000011921, 1471.8999999761581, 1577.5999999642372, 1808.3999999761581, 1919.699999988079, 2152.199999988079, 2271.699999988079, 2489.099999964237, 2604.699999988079, 2824.300000011921, 3056.099999964237]",I,7,4b29eb2b0cc86577bce5b993b9ad51545352cbc88a75d5949db9e1e867b92880,test,airv_model,original,I,0.75353414,False,True,1.0
202,angel,K,1,K_orient1,17,1,angel/K/orient1/tilt_back_toward_1/landmarks_trimmed.json,22,22,18,"[0, 1, 2, 3, 4, 6, 7, 8, 9, 11, 12, 13, 14, 16, 17, 18, 19, 21]","[116.59999996423721, 238.80000001192093, 358.80000001192093, 482.89999997615814, 600.1999999880791, 832.1999999880791, 960.5, 1072.699999988079, 1184.300000011921, 1420.3999999761581, 1537.800000011921, 2001.800000011921, 2115.0, 2459.699999988079, 2577.899999976158, 2689.899999976158, 2813.099999964237, 3052.0]",K,8,68b60ee2cb31075e9453495387584ec96a6bbf4d8a44dd312a9f26969d335605,test,airv_model,original,K,0.9711202,True,True,1.0
215,angel,K,2,K_orient2,18,1,angel/K/orient2/tilt_forward_away_1/landmarks_trimmed.json,29,29,18,"[0, 1, 3, 4, 6, 8, 9, 11, 13, 14, 16, 18, 19, 21, 23, 24, 26, 28]","[101.19999998807907, 210.80000001192093, 411.0, 509.80000001192093, 652.3000000119209, 845.0, 939.1999999880791, 1133.1000000238419, 1332.199999988079, 1434.1000000238419, 1647.0, 1852.300000011921, 1970.199999988079, 2197.5, 2432.900000035763, 2545.900000035763, 2771.199999988079, 3004.5]",K,8,2066cc1e8814a582c47cfffdfdee5d80f8216cf870906a72545c143e8a1c859e,test,airv_model,original,K,0.96912026,True,True,1.0
219,angel,K,2,K_orient2,18,1,angel/K/orient2/tilt_neutral_away_1/landmarks_trimmed.json,27,27,18,"[0, 1, 3, 4, 6, 7, 9, 10, 12, 13, 15, 16, 18, 19, 21, 22, 24, 26]","[115.19999998807907, 234.89999997615814, 449.30000001192093, 559.8000000119209, 788.5999999642372, 907.8999999761581, 1133.199999988079, 1250.199999988079, 1471.0, 1587.199999988079, 1813.8999999761581, 1934.3999999761581, 2170.599999964237, 2286.099999964237, 2516.0, 2624.5, 2865.0, 3108.399999976158]",K,8,1e5bf6cef2ddf6356d3feb8633aa5747f8fb9968b269d1a34a979dabbf6ed0c7,test,airv_model,original,K,0.92317533,True,True,1.0
391,angel,Q,1,Q_orient1,33,1,angel/Q/orient1/tilt_back_away_1/landmarks_trimmed.json,34,34,18,"[0, 1, 3, 5, 7, 9, 11, 13, 15, 17, 19, 21, 23, 25, 27, 29, 31, 33]","[88.5, 178.19999998807907, 361.69999998807907, 533.3999999761581, 726.5, 904.8000000119209, 1079.0, 1196.199999988079, 1377.199999988079, 1573.6000000238419, 1777.800000011921, 1848.699999988079, 2053.699999988079, 2232.0, 2414.399999976158, 2639.100000023842, 2846.5, 3036.300000011921]",Q,14,a2c4ce508c70641fb1300df587789ba3ddb81e3bb7c9d853ba11329a49aeba5e,test,airv_model,original,P,0.9812532,True,False,1.0
471,angel,U,1,U_orient1,39,1,angel/U/orient1/tilt_neutral_away_1/landmarks_trimmed.json,26,26,18,"[0, 1, 2, 4, 5, 7, 8, 10, 11, 13, 14, 16, 17, 19, 20, 22, 23, 25]","[112.60000002384186, 225.0, 344.5, 581.3000000715256, 757.1000000238419, 1007.1000000238419, 1119.0, 1350.0, 1469.0, 1729.2000000476837, 1860.0, 2080.7000000476837, 2198.600000023842, 2432.600000023842, 2545.9000000953674, 2771.600000023842, 2881.5, 3113.100000023842]",U,17,50b7da708af07edafdad534aa7ed9460b9deaceeb37a0cfe26e4a6b0e22e306c,test,airv_model,original,U,0.6573316,False,True,1.0
481,angel,U,2,U_orient2,40,2,angel/U/orient2/tilt_forward_neutral_2/landmarks_trimmed.json,23,23,18,"[0, 1, 2, 3, 5, 6, 7, 9, 10, 11, 12, 14, 15, 16, 18, 19, 20, 22]","[139.20000004768372, 253.80000007152557, 377.2000000476837, 494.8000000715256, 753.0, 886.9000000953674, 1023.8000000715256, 1258.5, 1378.1000000238419, 1521.3000000715256, 1652.5, 1885.1000000238419, 2030.1000000238419, 2285.7000000476837, 2537.5, 2660.0, 2778.4000000953674, 3016.7000000476837]",U,17,c15a8965bd4b7d4384cedf48520a27bfdfcb0d4d9516e860db8dd3e750ddefd1,test,airv_model,original,U,0.9452705,True,True,1.0
483,angel,U,2,U_orient2,40,1,angel/U/orient2/tilt_neutral_away_1/landmarks_trimmed.json,25,25,18,"[0, 1, 2, 4, 5, 7, 8, 9, 11, 12, 14, 15, 16, 18, 19, 21, 22, 24]","[118.89999997615814, 234.89999997615814, 351.39999997615814, 615.3999999761581, 735.3999999761581, 1021.7000000476837, 1153.5, 1276.3999999761581, 1498.6000000238419, 1614.3000000715256, 1850.7000000476837, 1979.1000000238419, 2104.2000000476837, 2331.399999976158, 2461.2000000476837, 2717.3000000715256, 2843.0, 3085.899999976158]",U,17,38667cba4627defa85e0a5ce5f350d8e2536cecf6d43b802d1c9f14ff96479a0,test,airv_model,original,U,0.9478652,True,True,1.0
487,angel,U,3,U_orient3,41,1,angel/U/orient3/tilt_back_away_1/landmarks_trimmed.json,25,25,18,"[0, 1, 2, 4, 5, 7, 8, 9, 11, 12, 14, 15, 16, 18, 19, 21, 22, 24]","[116.60000002384186, 233.69999992847443, 350.60000002384186, 587.5, 705.8999999761581, 973.0, 1107.1000000238419, 1244.8999999761581, 1496.5, 1610.0, 1858.6999999284744, 1977.1999999284744, 2091.5, 2305.7999999523163, 2423.7999999523163, 2667.600000023842, 2791.1999999284744, 3034.399999976158]",U,17,2bd49acd4f72a427dbe0807043d3ba2e25670a0fb51742c6f3607ec21d6956a1,test,airv_model,original,K,0.5982451,False,False,1.0
493,angel,U,3,U_orient3,41,2,angel/U/orient3/tilt_forward_neutral_2/landmarks_trimmed.json,27,27,18,"[0, 1, 3, 4, 6, 7, 9, 10, 12, 13, 15, 16, 18, 19, 21, 22, 24, 26]","[103.79999995231628, 216.79999995231628, 437.39999997615814, 542.2999999523163, 762.1000000238419, 867.1000000238419, 1099.1000000238419, 1210.7000000476837, 1433.2999999523163, 1544.2000000476837, 1785.2000000476837, 1905.7999999523163, 2117.600000023842, 2224.600000023842, 2466.2999999523163, 2582.7000000476837, 2797.2999999523163, 3034.600000023842]",U,17,faebbafcdf3b2fb59697809120c805bcaa76a8564d55446e02c4ed41ebc7107f,test,airv_model,original,U,0.6467724,False,True,0.11111111
564,angel,Y,1,Y_orient1,47,2,angel/Y/orient1/tilt_forward_neutral_2/landmarks_trimmed.json,31,31,18,"[0, 1, 3, 5, 7, 8, 10, 12, 14, 15, 17, 19, 21, 22, 24, 26, 28, 30]","[88.5, 189.60000002384186, 389.5, 586.6000000238419, 784.1000000238419, 890.6000000238419, 1092.2000000476837, 1265.2000000476837, 1450.7999999523163, 1546.6000000238419, 1727.1000000238419, 1922.7000000476837, 2116.600000023842, 2217.5, 2425.5, 2646.7000000476837, 2861.399999976158, 3082.600000023842]",Y,21,d56e0455a83ead3944ada8904a74738656930653fe4f48d8fc8bb5eeca68a010,test,airv_model,original,Y,0.98714197,True,True,1.0
572,angel,Y,2,Y_orient2,48,2,angel/Y/orient2/tilt_back_neutral_2/landmarks_trimmed.json,27,27,18,"[0, 1, 3, 4, 6, 7, 9, 10, 12, 13, 15, 16, 18, 19, 21, 22, 24, 26]","[105.89999997615814, 224.5, 452.0, 557.2000000476837, 773.7000000476837, 875.7999999523163, 1095.1000000238419, 1202.8999999761581, 1440.7999999523163, 1555.2000000476837, 1781.1000000238419, 1891.7999999523163, 2120.2999999523163, 2233.2000000476837, 2456.399999976158, 2567.399999976158, 2785.7000000476837, 3005.2999999523163]",Y,21,f74288b8f0be5a4ad42185cea243ca22171d3688dda68b183c6e7ff42b86f420,test,airv_model,original,A,0.54978883,False,False,1.0
578,angel,Y,2,Y_orient2,48,1,angel/Y/orient2/tilt_neutral_away_1/landmarks_trimmed.json,27,27,18,"[0, 1, 3, 4, 6, 7, 9, 10, 12, 13, 15, 16, 18, 19, 21, 22, 24, 26]","[113.30000007152557, 219.5, 436.5, 548.1000000238419, 763.1000000238419, 880.5, 1105.8999999761581, 1222.1000000238419, 1454.2000000476837, 1568.0, 1786.1000000238419, 1906.6000000238419, 2131.100000023842, 2247.7000000476837, 2462.399999976158, 2594.600000023842, 2815.7000000476837, 3038.3000000715256]",Y,21,1ca510b1c92966f01a2c611287613ce39e56db21d5679981e5aef00c58e6f051,test,airv_model,original,Y,0.986819,True,True,1.0
678,isaac,E,1,E_orient1,8,1,isaac copy/E/orient1/tilt_back_neutral_1/landmarks_trimmed.json,37,37,18,"[0, 2, 4, 6, 8, 10, 12, 14, 16, 19, 21, 23, 25, 27, 29, 31, 33, 36]","[57.0, 184.0, 289.0, 419.0, 537.0, 671.0, 869.0000000004657, 1013.0, 1322.0, 1479.0, 1580.0, 1687.0, 2066.0, 2166.0000000004657, 2283.0, 2396.0000000004657, 2524.0, 3001.0]",E,4,5d13f4e29d4334533c2950013d5babc5fce066c7e1d6d3d50ccf927908d29c23,test,airv_model,original,E,0.9836251,True,True,1.0
686,isaac,E,1,E_orient1,8,1,isaac copy/E/orient1/tilt_neutral_neutral_1/landmarks_trimmed.json,50,50,18,"[0, 2, 5, 8, 11, 14, 17, 20, 23, 25, 28, 31, 34, 37, 40, 43, 46, 49]","[116.0, 233.0, 407.0, 595.0, 809.0, 948.0, 1071.0, 1205.0, 1354.0, 1458.0, 1795.0000000004657, 2156.0, 2280.0, 2408.0, 2544.0, 2686.0, 2838.0, 3011.0]",E,4,424a3db83a7bdb42bc406acfd62949170adf7f82cc705754cf0fd0928dd391f4,test,airv_model,original,E,0.9818773,True,True,1.0
717,isaac,K,2,K_orient2,18,1,isaac copy/K/orient2/tilt_forward_away_1/landmarks_trimmed.json,57,57,18,"[0, 3, 6, 9, 13, 16, 19, 23, 26, 29, 32, 36, 39, 42, 46, 49, 52, 56]","[54.0, 253.0, 402.0, 527.0, 710.0, 853.0000000001164, 1020.0, 1242.0, 1404.0, 1571.0, 1752.0000000001164, 2021.0000000001164, 2143.0, 2264.0, 2441.0, 2587.0, 2757.0000000001164, 2969.0]",K,8,bbb20e37ea7d4ec9083f289d160b7643d444ca28bfba5dff9e0412f76bffa28a,test,airv_model,original,K,0.97628695,True,True,1.0
807,isaac,Q,1,Q_orient1,33,2,isaac copy/Q/orient1/tilt_neutral_neutral_2/landmarks_trimmed.json,43,43,18,"[0, 2, 4, 7, 9, 12, 14, 17, 19, 22, 24, 27, 29, 32, 34, 37, 39, 42]","[70.0, 202.0, 339.0, 560.0, 715.0000000002328, 949.0, 1104.0, 1338.0, 1493.0, 1714.0, 1812.0000000002328, 1958.0, 2059.0, 2259.0, 2405.0, 2637.0, 2793.0, 3015.0]",Q,14,f40ba8c8e96427074254c88d971511a2dbb8beeed32c1cd451dca44b12e0acca,test,airv_model,original,Q,0.99099064,True,True,1.0
824,isaac,U,2,U_orient2,40,2,isaac copy/U/orient2/tilt_back_neutral_2/landmarks_trimmed.json,47,47,18,"[0, 2, 5, 8, 10, 13, 16, 18, 21, 24, 27, 29, 32, 35, 37, 40, 43, 46]","[50.0, 139.0, 280.0, 457.0, 592.0, 821.0, 1149.0, 1260.0, 1398.0, 1550.0, 1737.0, 1964.0, 2202.0, 2393.0, 2483.0, 2630.0, 2800.0, 3013.0]",U,17,9e8c8fa5ce3d556d242d9b2052bd1de8161e64a5c30a1206501d9d30b8b2facf,test,airv_model,original,U,0.95440847,True,True,1.0
835,isaac,U,3,U_orient3,41,1,isaac copy/U/orient3/tilt_back_toward_1/landmarks_trimmed.json,45,45,18,"[0, 2, 5, 7, 10, 12, 15, 18, 20, 23, 25, 28, 31, 33, 36, 38, 41, 44]","[53.0, 158.0, 354.0, 508.0, 668.0, 765.0, 947.0, 1162.0, 1318.0, 1529.0, 1675.0, 1905.0, 2140.0, 2297.0, 2521.0, 2669.0, 2867.0, 3009.0]",U,17,ded65c509647614ad44eb5b7087db803cc42c583a960b8e745dc5e6ce795c814,test,airv_model,original,U,0.9010319,True,True,1.0
840,isaac,U,3,U_orient3,41,1,isaac copy/U/orient3/tilt_neutral_neutral_1/landmarks_trimmed.json,49,49,18,"[0, 2, 5, 8, 11, 14, 16, 19, 22, 25, 28, 31, 33, 36, 39, 42, 45, 48]","[67.0, 201.0, 403.0, 605.0, 814.0, 955.0000000004657, 1049.0, 1206.0, 1403.0, 1603.0, 1803.0, 2023.0, 2180.0, 2343.0, 2489.0, 2649.0, 2847.0, 2985.0]",U,17,35eb44868444f2a05156e21f41f7b3fcafd4709213fabd7f0b7f4f274de01f05,test,airv_model,original,U,0.72754294,False,True,1.0
931,mathur,E,2,E_orient2,9,2,mathur/E/orient2/tilt_neutral_neutral_2/landmarks_trimmed.json,18,18,18,"[0, 1, 2, 3, 4, 5, 6, 7, 8, 9, 10, 11, 12, 13, 14, 15, 16, 17]","[177.2000002861023, 353.2000002861023, 516.8000001907349, 681.0, 847.2000002861023, 1012.5999999046326, 1180.9000000953674, 1349.0999999046326, 1520.4000000953674, 1692.0999999046326, 1872.3000001907349, 2048.0999999046326, 2235.0, 2421.4000000953674, 2596.0999999046326, 2787.7000002861023, 2984.5999999046326, 3171.2000002861023]",E,4,7d9978cfec63c7383e19b848c30af1f0a2d14d75f104fca41d4a49e4bfa126b4,test,airv_model,original,O,0.66336673,False,False,1.0
948,mathur,K,1,K_orient1,17,1,mathur/K/orient1/tilt_back_away_1/landmarks_trimmed.json,20,20,18,"[0, 1, 2, 3, 4, 5, 6, 7, 8, 10, 11, 12, 13, 14, 15, 16, 17, 19]","[160.90000009536743, 324.19999980926514, 490.59999990463257, 654.1999998092651, 820.5, 982.9000000953674, 1145.4000000953674, 1313.0, 1473.0, 1803.1999998092651, 1967.5, 2131.199999809265, 2216.199999809265, 2381.0, 2550.699999809265, 2718.0999999046326, 2889.4000000953674, 3131.5999999046326]",K,8,f35360e7266cbb21fbb6c4d4baf463c7407779680f89ee63f34d70995c719b26,test,airv_model,original,S,0.65181667,False,False,1.0
965,mathur,K,2,K_orient2,18,1,mathur/K/orient2/tilt_forward_neutral_1/landmarks_trimmed.json,20,20,18,"[0, 1, 2, 3, 4, 5, 6, 7, 8, 10, 11, 12, 13, 14, 15, 16, 17, 19]","[157.40000009536743, 238.09999990463257, 408.30000019073486, 570.5, 719.0999999046326, 880.1999998092651, 1040.0999999046326, 1202.9000000953674, 1368.1999998092651, 1688.0999999046326, 1851.3000001907349, 2015.0, 2172.5999999046326, 2337.300000190735, 2504.5999999046326, 2664.5, 2828.4000000953674, 3152.5999999046326]",K,8,cd71a3bbac9d71b8cbfec781dee344d6779b0ba42d4118993dfd514dc7234ea5,test,airv_model,original,K,0.58323497,False,True,1.0
970,mathur,K,2,K_orient2,18,2,mathur/K/orient2/tilt_neutral_neutral_2/landmarks_trimmed.json,19,19,18,"[0, 1, 2, 3, 4, 5, 6, 7, 8, 9, 10, 11, 12, 13, 14, 15, 16, 18]","[164.7999997138977, 327.8999996185303, 493.69999980926514, 572.1999998092651, 736.8999996185303, 897.5, 1060.1999998092651, 1222.3999996185303, 1381.6999998092651, 1548.3999996185303, 1712.7999997138977, 1875.6999998092651, 2041.7999997138977, 2207.3999996185303, 2372.2999997138977, 2536.699999809265, 2699.7999997138977, 3025.199999809265]",K,8,89f36539bc1aa681a34bb9d487f7688f5dcd3e0ab7d2df8e25ce461ead1e59d0,test,airv_model,original,K,0.8774735,True,True,1.0
1073,mathur,Q,1,Q_orient1,33,2,mathur/Q/orient1/tilt_neutral_neutral_2/landmarks_trimmed.json,20,20,18,"[0, 1, 2, 3, 4, 5, 6, 7, 8, 10, 11, 12, 13, 14, 15, 16, 17, 19]","[162.30000019073486, 321.1000003814697, 475.5, 623.5, 778.6000003814697, 934.8000001907349, 1093.3000001907349, 1242.9000000953674, 1400.8000001907349, 1699.6000003814697, 1849.3000001907349, 2006.6000003814697, 2156.7000002861023, 2317.2000002861023, 2473.2000002861023, 2616.1000003814697, 2781.1000003814697, 3083.6000003814697]",Q,14,390380529986106d180d6e887fbf40734ef7c1ec2daa966cd1b10c0e9ee51caf,test,airv_model,original,Q,0.9847943,True,True,1.0
1133,mathur,U,1,U_orient1,39,1,mathur/U/orient1/tilt_back_neutral_1/landmarks_trimmed.json,20,20,18,"[0, 1, 2, 3, 4, 5, 6, 7, 8, 10, 11, 12, 13, 14, 15, 16, 17, 19]","[158.2999997138977, 306.5, 457.7999997138977, 615.3999996185303, 764.5, 921.3999996185303, 1082.0999999046326, 1236.6999998092651, 1396.3999996185303, 1707.0999999046326, 1866.5, 2024.6999998092651, 2179.199999809265, 2329.5999999046326, 2486.699999809265, 2641.8999996185303, 2792.0, 3116.2999997138977]",U,17,77b5e5d956eee4e6616ca836a17f97710713a9d575b0ba7c47e5da4902f9e11f,test,airv_model,original,U,0.5353313,False,True,1.0
1138,mathur,U,1,U_orient1,39,2,mathur/U/orient1/tilt_forward_neutral_2/landmarks_trimmed.json,20,20,18,"[0, 1, 2, 3, 4, 5, 6, 7, 8, 10, 11, 12, 13, 14, 15, 16, 17, 19]","[166.39999961853027, 328.7999997138977, 478.19999980926514, 639.8999996185303, 789.6999998092651, 939.2999997138977, 1101.0999999046326, 1254.8999996185303, 1417.5999999046326, 1731.2999997138977, 1887.5, 2039.5, 2184.3999996185303, 2338.7999997138977, 2489.0, 2642.5999999046326, 2790.5999999046326, 3105.0]",U,17,99a9b257f06475a5015501da9708cbf3e8a51911d91f0bceaaf50dd5147d546c,test,airv_model,original,U,0.7632926,False,True,1.0
1152,mathur,U,2,U_orient2,40,2,mathur/U/orient2/tilt_neutral_neutral_2/landmarks_trimmed.json,20,20,18,"[0, 1, 2, 3, 4, 5, 6, 7, 8, 10, 11, 12, 13, 14, 15, 16, 17, 19]","[153.09999990463257, 311.0, 463.59999990463257, 616.9000000953674, 775.0, 930.3000001907349, 1098.0, 1254.9000000953674, 1406.5, 1698.1999998092651, 1846.5999999046326, 1986.5999999046326, 2140.699999809265, 2308.699999809265, 2463.0, 2624.800000190735, 2785.300000190735, 3092.699999809265]",U,17,ac2c5886fc84950cdaf1913401c39b081fe8e17406c33109cad26763b4e2da69,test,airv_model,original,U,0.9570535,True,True,1.0
1157,mathur,U,3,U_orient3,41,1,mathur/U/orient3/tilt_back_toward_1/landmarks_trimmed.json,20,20,18,"[0, 1, 2, 3, 4, 5, 6, 7, 8, 10, 11, 12, 13, 14, 15, 16, 17, 19]","[158.40000009536743, 302.80000019073486, 454.30000019073486, 598.0999999046326, 752.1999998092651, 898.3000001907349, 1053.3000001907349, 1214.1999998092651, 1360.0, 1657.4000000953674, 1815.5999999046326, 1969.6999998092651, 2125.5999999046326, 2277.0999999046326, 2434.9000000953674, 2586.699999809265, 2741.0, 3035.5999999046326]",U,17,8553c8a06dfe0e21549b1710e57e7536ea6f08e45de2ebdf44947445be6258d0,test,airv_model,original,U,0.9193206,True,True,1.0
1192,mathur,Y,1,Y_orient1,47,1,mathur/Y/orient1/tilt_forward_toward_1/landmarks_trimmed.json,18,18,18,"[0, 1, 2, 3, 4, 5, 6, 7, 8, 9, 10, 11, 12, 13, 14, 15, 16, 17]","[164.19999980926514, 344.7999997138977, 525.2999997138977, 693.4000000953674, 877.7999997138977, 1056.7999997138977, 1248.6999998092651, 1334.9000000953674, 1513.9000000953674, 1703.5999999046326, 1886.6999998092651, 1977.9000000953674, 2163.5, 2350.5, 2550.5999999046326, 2735.0, 2920.5999999046326, 3111.199999809265]",Y,21,4737a15458915a9de7117b3ce66b02af4f7b75da47187f4f389acf691ecf9e25,test,airv_model,original,Y,0.99207085,True,True,1.0
1276,rithika,E,1,E_orient1,8,1,rithika/E/orient1/tilt_back_away_1/landmarks_trimmed.json,35,35,18,"[0, 2, 4, 6, 8, 10, 12, 14, 16, 18, 20, 22, 24, 26, 28, 30, 32, 34]","[97.19999998807907, 368.5999999642372, 1325.2999999523163, 1468.3999999761581, 1601.2999999523163, 1697.5999999642372, 1798.0, 1898.199999988079, 1997.8999999761581, 2089.099999964237, 2234.199999988079, 2332.7999999523163, 2465.099999964237, 2697.599999964237, 2792.399999976158, 2859.899999976158, 2967.099999964237, 3003.099999964237]",E,4,2672446785d8893b3d9aaecbc1dc47ff00c323ff888ab8989ef64a8c985b0a86,test,airv_model,original,I,0.4668249,False,False,0.11111111
1280,rithika,E,1,E_orient1,8,1,rithika/E/orient1/tilt_forward_away_1/landmarks_trimmed.json,59,59,18,"[0, 3, 6, 10, 13, 17, 20, 23, 27, 30, 34, 37, 40, 44, 47, 51, 54, 58]","[71.69999998807907, 202.10000002384186, 371.5, 571.4000000357628, 702.1000000238419, 936.1000000238419, 1103.6000000238419, 1304.300000011921, 1504.800000011921, 1635.1000000238419, 1833.5, 2006.199999988079, 2135.300000011921, 2308.199999988079, 2440.100000023842, 2607.600000023842, 2772.0, 2969.800000011921]",E,4,0b8b9043fd6067dc69fe7fb42617e6e948c94739d2cae70b6fefecb72e41de46,test,airv_model,original,C,0.749851,False,False,0.0
1289,rithika,E,2,E_orient2,9,1,rithika/E/orient2/tilt_back_neutral_1/landmarks_trimmed.json,61,61,18,"[0, 3, 7, 10, 14, 17, 21, 24, 28, 31, 35, 38, 42, 45, 49, 52, 56, 60]","[33.30000001192093, 197.19999998807907, 396.39999997615814, 535.6999999880791, 726.6000000238419, 870.8999999761581, 1097.8999999761581, 1224.300000011921, 1430.699999988079, 1564.6000000238419, 1694.3999999761581, 1795.8999999761581, 1964.300000011921, 2129.300000011921, 2331.5, 2497.0, 2739.5, 3001.0]",E,4,96c4f5c02b02a7c9868bb674743c3ea300e38635377d3a626f260f29b2866af3,test,airv_model,original,E,0.71969265,False,True,0.2777778
1296,rithika,E,2,E_orient2,9,1,rithika/E/orient2/tilt_neutral_neutral_1/landmarks_trimmed.json,54,54,18,"[0, 3, 6, 9, 12, 15, 18, 21, 24, 28, 31, 34, 37, 40, 43, 46, 49, 53]","[61.09999996423721, 167.29999995231628, 336.69999998807907, 498.0999999642372, 670.3999999761581, 837.0999999642372, 999.6999999880791, 1168.199999988079, 1336.5, 1536.0999999642372, 1699.3999999761581, 1902.0, 2068.599999964237, 2235.899999976158, 2400.0, 2475.5, 2871.199999988079, 3037.899999976158]",E,4,79a5c461030336e83e892bcf44e8c9e5a78e1a63bbcb417194cb1b758b3236e6,test,airv_model,original,E,0.5747976,False,True,0.2777778
1339,rithika,I,1,I_orient1,14,2,rithika/I/orient1/tilt_back_neutral_2/landmarks_trimmed.json,28,28,18,"[0, 1, 3, 4, 6, 7, 9, 11, 12, 14, 15, 17, 19, 20, 22, 23, 25, 27]","[827.2000000476837, 936.3000000119209, 1465.7000000476837, 1496.5, 1599.9000000357628, 1663.0, 1732.0, 1833.800000011921, 1902.4000000357628, 1992.300000011921, 2032.2000000476837, 2165.5, 2230.5, 2268.900000035763, 2368.100000023842, 2531.100000023842, 2764.900000035763, 2838.0]",I,7,2ff6bcdf0f3dbeef941fb884b447e1c428ff7cf3a5a931f51977498ec26cb948,test,airv_model,original,E,0.5667567,False,False,1.0
1344,rithika,I,1,I_orient1,14,1,rithika/I/orient1/tilt_neutral_neutral_1/landmarks_trimmed.json,21,21,18,"[0, 1, 2, 3, 4, 5, 7, 8, 9, 10, 11, 12, 14, 15, 16, 17, 18, 20]","[2034.1000000238419, 2097.300000011921, 2268.5, 2364.399999976158, 2396.699999988079, 2429.199999988079, 2496.399999976158, 2530.600000023842, 2562.5, 2597.399999976158, 2630.600000023842, 2662.800000011921, 2726.100000023842, 2763.800000011921, 2796.0, 2829.300000011921, 2962.699999988079, 3029.0]",I,7,fb7c4f3934b7e42fbcb8928e8991ccd125a4088a7c3b866274e4bba72747a79e,test,airv_model,original,M,0.40571183,False,False,0.055555556
1361,rithika,I,3,I_orient3,16,1,rithika/I/orient3/tilt_forward_toward_1/landmarks_trimmed.json,62,62,18,"[0, 3, 7, 10, 14, 17, 21, 25, 28, 32, 35, 39, 43, 46, 50, 53, 57, 61]","[58.59999996423721, 132.69999998807907, 264.5, 392.89999997615814, 526.8000000119209, 692.8000000119209, 925.3999999761581, 1122.699999988079, 1294.699999988079, 1528.3999999761581, 1657.0999999642372, 1862.199999988079, 2028.0, 2159.699999988079, 2391.199999988079, 2591.399999976158, 2828.699999988079, 3029.599999964237]",I,7,a8dd2b9bf08d094a56e4476c677ed9cd0834982e02fe4cc2d2a289ecce1f8380,test,airv_model,original,E,0.604861,False,False,0.33333334
1375,rithika,K,1,K_orient1,17,1,rithika/K/orient1/tilt_neutral_neutral_1/landmarks_trimmed.json,60,60,18,"[0, 3, 6, 10, 13, 17, 20, 24, 27, 31, 34, 38, 41, 45, 48, 52, 55, 59]","[62.19999998807907, 162.39999997615814, 264.60000002384186, 462.39999997615814, 628.8999999761581, 829.6999999880791, 960.0, 1190.3999999761581, 1333.0, 1518.6000000238419, 1728.5, 1967.199999988079, 2157.300000011921, 2396.600000023842, 2525.899999976158, 2761.199999988079, 2871.399999976158, 3026.800000011921]",K,8,7e78c96b8a6330c7c08099d3c3ca40575f89cf1826f2d21c05756085031db904,test,airv_model,original,D,0.917622,True,False,1.0
1378,rithika,K,2,K_orient2,18,1,rithika/K/orient2/tilt_back_away_1/landmarks_trimmed.json,60,60,18,"[0, 3, 6, 10, 13, 17, 20, 24, 27, 31, 34, 38, 41, 45, 48, 52, 55, 59]","[65.79999995231628, 199.39999997615814, 363.2999999523163, 595.8999999761581, 736.1999999880791, 935.7999999523163, 1066.5999999642372, 1268.0, 1433.3999999761581, 1634.199999988079, 1835.5999999642372, 2030.7999999523163, 2236.0, 2426.199999988079, 2600.5, 2707.099999964237, 2866.0, 3003.0]",K,8,356dad30bcb07d11fd02844256636cae12f389daea5c4045cc268d4c732d1be0,test,airv_model,original,K,0.9631228,True,True,1.0
1386,rithika,K,2,K_orient2,18,2,rithika/K/orient2/tilt_neutral_neutral_2/landmarks_trimmed.json,77,77,18,"[0, 4, 8, 13, 17, 22, 26, 31, 35, 40, 44, 49, 53, 58, 62, 67, 71, 76]","[94.09999996423721, 222.5999999642372, 359.5, 495.19999998807907, 700.8999999761581, 892.8000000119209, 1024.800000011921, 1190.0, 1323.800000011921, 1526.800000011921, 1697.0, 1890.5, 2064.300000011921, 2326.599999964237, 2487.800000011921, 2655.899999976158, 2830.5, 3061.099999964237]",K,8,049bca7d3a89c7dcd611ba74df173d113201c3f2bf241ae2f87132847e0ba587,test,airv_model,original,K,0.97279084,True,True,1.0
1543,rithika,Q,1,Q_orient1,33,1,rithika/Q/orient1/tilt_forward_away_1/landmarks_trimmed.json,68,68,18,"[0, 3, 7, 11, 15, 19, 23, 27, 31, 35, 39, 43, 47, 51, 55, 59, 63, 67]","[64.80000001192093, 165.4000000357628, 393.60000002384186, 566.0, 764.3000000119209, 996.9000000357628, 1167.5, 1332.2000000476837, 1532.7000000476837, 1732.6000000238419, 1899.4000000357628, 2067.2000000476837, 2229.600000023842, 2435.800000011921, 2565.100000023842, 2768.400000035763, 2871.900000035763, 3028.100000023842]",Q,14,2a6dfeb60dba666ac27954cf31e6339a944effd493830744a2fd8a1791e9da31,test,airv_model,original,Q,0.9789039,True,True,1.0
1549,rithika,Q,1,Q_orient1,33,2,rithika/Q/orient1/tilt_neutral_neutral_2/landmarks_trimmed.json,61,61,18,"[0, 3, 7, 10, 14, 17, 21, 24, 28, 31, 35, 38, 42, 45, 49, 52, 56, 60]","[35.40000003576279, 202.10000002384186, 436.60000002384186, 600.3000000119209, 868.7000000476837, 1038.5, 1198.6000000238419, 1336.7000000476837, 1543.2000000476837, 1706.4000000357628, 1899.4000000357628, 2103.5, 2300.900000035763, 2401.2000000476837, 2539.2000000476837, 2638.400000035763, 2804.100000023842, 3003.300000011921]",Q,14,02b929051a58750d49c06a4e1bd1b6ce19b7fcc58eae3eda322dfd09ed13d5ee,test,airv_model,original,Q,0.9649406,True,True,0.16666667
1603,rithika,U,1,U_orient1,39,2,rithika/U/orient1/tilt_neutral_neutral_2/landmarks_trimmed.json,72,72,18,"[0, 4, 8, 12, 16, 20, 25, 29, 33, 37, 41, 45, 50, 54, 58, 62, 66, 71]","[33.30000001192093, 199.69999998807907, 364.89999997615814, 496.5, 665.0999999642372, 904.0, 1066.8999999761581, 1259.0999999642372, 1468.0, 1666.199999988079, 1829.3999999761581, 1995.8999999761581, 2166.199999988079, 2300.300000011921, 2459.5, 2703.300000011921, 2832.0, 3004.800000011921]",U,17,ef99daf27c94e85f9cdfaf6320d6ff78c905077a03943373a42d537680004434,test,airv_model,original,U,0.7767964,False,True,1.0
1605,rithika,U,2,U_orient2,40,1,rithika/U/orient2/tilt_back_away_1/landmarks_trimmed.json,65,65,18,"[0, 3, 7, 11, 15, 18, 22, 26, 30, 33, 37, 41, 45, 48, 52, 56, 60, 64]","[33.89999997615814, 132.39999997615814, 336.5, 462.5, 668.1999999880791, 792.3999999761581, 1034.8999999761581, 1201.8999999761581, 1402.0999999642372, 1523.0999999642372, 1756.2999999523163, 1966.3999999761581, 2170.199999988079, 2334.199999988079, 2463.199999988079, 2695.5, 2867.2999999523163, 3022.5]",U,17,dce09e1fe4486cd685d95cecd6596deb40f7db5a46f74e5c6b5a4548be9cff67,test,airv_model,original,U,0.8354856,False,True,1.0
1608,rithika,U,2,U_orient2,40,1,rithika/U/orient2/tilt_back_toward_1/landmarks_trimmed.json,62,62,18,"[0, 3, 7, 10, 14, 17, 21, 25, 28, 32, 35, 39, 43, 46, 50, 53, 57, 61]","[33.5, 165.5999999642372, 364.80000001192093, 533.0, 698.3999999761581, 859.5999999642372, 1063.699999988079, 1263.5, 1395.5999999642372, 1594.3999999761581, 1767.3999999761581, 1922.699999988079, 2168.599999964237, 2293.899999976158, 2533.899999976158, 2702.0, 2854.099999964237, 3004.0]",U,17,1783d0b5084d7f9ae085f76f8f1c76c3973e231c08e28792ec562358e62f6c92,test,airv_model,original,N,0.3391397,False,False,0.2777778
1619,rithika,U,3,U_orient3,41,2,rithika/U/orient3/tilt_back_neutral_2/landmarks_trimmed.json,75,75,18,"[0, 4, 8, 13, 17, 21, 26, 30, 34, 39, 43, 47, 52, 56, 60, 65, 69, 74]","[231.39999997615814, 396.0999999642372, 529.1999999880791, 696.5, 829.8000000119209, 1027.8999999761581, 1226.0999999642372, 1431.0, 1564.0999999642372, 1726.0999999642372, 1864.199999988079, 1994.800000011921, 2163.099999964237, 2296.399999976158, 2430.199999988079, 2629.599999964237, 2830.0, 3029.0]",U,17,531d18d3d89bd5638289a27d2be004f291d638c841d0bd0dbd0575c9dc3a316a,test,airv_model,original,U,0.8907016,True,True,1.0
1686,rithika,Y,1,Y_orient1,47,1,rithika/Y/orient1/tilt_back_toward_1/landmarks_trimmed.json,52,52,18,"[0, 3, 6, 9, 12, 15, 18, 21, 24, 27, 30, 33, 36, 39, 42, 45, 48, 51]","[62.19999998807907, 194.9000000357628, 329.30000001192093, 529.6999999880791, 731.0, 930.8000000119209, 1098.699999988079, 1300.6000000238419, 1431.800000011921, 1629.800000011921, 1830.800000011921, 1996.699999988079, 2197.300000011921, 2397.5, 2597.600000023842, 2796.199999988079, 2931.400000035763, 3003.699999988079]",Y,21,8e16ebd204294ef33bf343c14ec294aeeb81452b75fafcc2a7e3de0794f8aa7d,test,airv_model,original,A,0.87577015,True,False,1.0
1694,rithika,Y,2,Y_orient2,48,1,rithika/Y/orient2/tilt_back_toward_1/landmarks_trimmed.json,80,80,18,"[0, 4, 9, 13, 18, 23, 27, 32, 37, 41, 46, 51, 55, 60, 65, 69, 74, 79]","[33.90000003576279, 165.5, 364.5, 498.60000002384186, 728.5, 896.2000000476837, 1031.5, 1199.4000000357628, 1364.300000011921, 1496.7000000476837, 1736.300000011921, 1932.7000000476837, 2064.100000023842, 2230.2000000476837, 2397.100000023842, 2594.7000000476837, 2834.0, 3030.0]",Y,21,c4c3096682fca83d2fb1b6e9f8f25764d9d9c0f5277224498265be1d83b8658f,test,airv_model,original,Y,0.99284655,True,True,1.0
1695,rithika,Y,2,Y_orient2,48,1,rithika/Y/orient2/tilt_forward_away_1/landmarks_trimmed.json,89,89,18,"[0, 5, 10, 15, 20, 25, 31, 36, 41, 46, 51, 56, 62, 67, 72, 77, 82, 88]","[34.10000002384186, 199.39999997615814, 364.10000002384186, 531.5, 694.1999999880791, 898.1999999880791, 1097.300000011921, 1263.800000011921, 1428.3999999761581, 1597.800000011921, 1762.300000011921, 1932.5, 2131.399999976158, 2297.399999976158, 2461.399999976158, 2630.800000011921, 2795.699999988079, 3031.5]",Y,21,9f27365f192dfc6021b71d2a8c756d4a43891e71d82a87f0695b23a1f1d18dff,test,airv_model,original,Y,0.9678733,True,True,1.0
