participant,class_id,clips,total_weight
angel,0,29,19.286858974358974
angel,1,20,17.887931034482758
angel,2,10,20.75
angel,3,20,21.1734693877551
angel,4,30,23.579545454545457
angel,5,20,24.702380952380953
angel,6,10,23.579545454545453
angel,7,30,28.295454545454547
angel,8,20,17.584745762711865
angel,9,31,20.61698717948718
angel,10,31,23.64889705882353
angel,11,31,22.335069444444446
angel,12,31,19.375
angel,13,20,19.57547169811321
angel,14,10,19.212962962962962
angel,15,31,19.853395061728392
angel,16,10,17.291666666666668
angel,17,10,20.75
angel,18,31,18.0688202247191
angel,19,30,22.232142857142858
angel,20,10,22.554347826086957
angel,21,10,24.702380952380953
angel,22,20,22.074468085106385
angel,23,10,21.614583333333336
mathur,0,25,16.626602564102562
mathur,1,20,17.887931034482758
mathur,2,10,20.75
mathur,3,16,16.93877551020408
mathur,4,8,6.287878787878788
mathur,5,5,6.175595238095238
mathur,6,4,9.431818181818182
mathur,7,2,1.8863636363636365
mathur,8,20,17.584745762711865
mathur,9,23,15.296474358974358
mathur,10,7,5.3400735294117645
mathur,11,13,9.366319444444445
mathur,12,23,14.375
mathur,13,15,14.681603773584905
mathur,14,7,13.449074074074074
mathur,15,28,17.932098765432098
mathur,16,10,17.291666666666668
mathur,17,10,20.75
mathur,18,29,16.903089887640448
mathur,19,12,8.892857142857142
mathur,20,4,9.021739130434783
mathur,21,3,7.4107142857142865
mathur,22,10,11.037234042553193
mathur,23,5,10.807291666666668
rithika,0,24,15.96153846153846
rithika,1,18,16.099137931034484
rithika,2,5,10.375
rithika,3,13,13.762755102040817
rithika,4,28,22.007575757575758
rithika,5,17,20.99702380952381
rithika,6,8,18.863636363636363
rithika,7,23,21.69318181818182
rithika,8,19,16.70550847457627
rithika,9,24,15.96153846153846
rithika,10,30,22.886029411764703
rithika,11,28,20.173611111111114
rithika,12,29,18.125
rithika,13,18,17.617924528301888
rithika,14,10,19.212962962962962
rithika,15,22,14.089506172839505
rithika,16,10,17.291666666666668
rithika,17,5,10.375
rithika,18,29,16.903089887640448
rithika,19,28,20.75
rithika,20,9,20.29891304347826
rithika,21,8,19.761904761904763
rithika,22,17,18.763297872340427
rithika,23,9,19.453125
